,date,away_team,home_team,away_team_id,home_team_id,home_points,away_points,season,regular_season
0,2019-09-08,Carolina Panthers,Denver Broncos,18,0,21,20,0,1
1,2019-09-11,Green Bay Packers,Jacksonville Jaguars,1,28,23,27,0,1
2,2019-09-11,Buffalo Bills,Baltimore Ravens,24,2,13,7,0,1
3,2019-09-11,San Diego Chargers,Kansas City Chiefs,22,3,33,27,0,1
4,2019-09-11,Tampa Bay Buccaneers,Atlanta Falcons,4,23,24,31,0,1
5,2019-09-11,Minnesota Vikings,Tennessee Titans,5,17,16,25,0,1
6,2019-09-11,Oakland Raiders,New Orleans Saints,6,30,34,35,0,1
7,2019-09-11,Cincinnati Bengals,New York Jets,7,16,22,23,0,1
8,2019-09-11,Cleveland Browns,Philadelphia Eagles,31,8,29,10,0,1
9,2019-09-11,Chicago Bears,Houston Texans,29,9,23,14,0,1
10,2019-09-11,Miami Dolphins,Seattle Seahawks,25,10,12,10,0,1
11,2019-09-11,New York Giants,Dallas Cowboys,11,19,19,20,0,1
12,2019-09-11,Detroit Lions,Indianapolis Colts,12,27,35,39,0,1
13,2019-09-11,New England Patriots,Arizona Cardinals,13,20,21,23,0,1
14,2019-09-12,Pittsburgh Steelers,Washington Redskins,14,26,16,38,0,1
15,2019-09-12,Los Angeles Rams,San Francisco 49ers,21,15,28,0,0,1
16,2019-09-15,New York Jets,Buffalo Bills,16,24,31,37,0,1
17,2019-09-18,Miami Dolphins,New England Patriots,25,13,31,24,0,1
18,2019-09-18,Tennessee Titans,Detroit Lions,17,12,15,16,0,1
19,2019-09-18,Cincinnati Bengals,Pittsburgh Steelers,7,14,24,16,0,1
20,2019-09-18,Baltimore Ravens,Cleveland Browns,2,31,20,25,0,1
21,2019-09-18,Kansas City Chiefs,Houston Texans,3,9,19,12,0,1
22,2019-09-18,San Francisco 49ers,Carolina Panthers,15,18,46,27,0,1
23,2019-09-18,Dallas Cowboys,Washington Redskins,19,26,23,27,0,1
24,2019-09-18,New Orleans Saints,New York Giants,30,11,16,13,0,1
25,2019-09-18,Tampa Bay Buccaneers,Arizona Cardinals,4,20,40,7,0,1
26,2019-09-18,Seattle Seahawks,Los Angeles Rams,10,21,9,3,0,1
27,2019-09-18,Jacksonville Jaguars,San Diego Chargers,28,22,38,14,0,1
28,2019-09-18,Atlanta Falcons,Oakland Raiders,23,6,28,35,0,1
29,2019-09-18,Indianapolis Colts,Denver Broncos,27,0,34,20,0,1
30,2019-09-18,Green Bay Packers,Minnesota Vikings,1,5,17,14,0,1
31,2019-09-19,Philadelphia Eagles,Chicago Bears,8,29,14,29,0,1
32,2019-09-22,Houston Texans,New England Patriots,9,13,27,0,0,1
33,2019-09-25,Arizona Cardinals,Buffalo Bills,20,24,33,18,0,1
34,2019-09-25,Cleveland Browns,Miami Dolphins,31,25,30,24,0,1
35,2019-09-25,Oakland Raiders,Tennessee Titans,6,17,10,17,0,1
36,2019-09-25,Baltimore Ravens,Jacksonville Jaguars,2,28,17,19,0,1
37,2019-09-25,Minnesota Vikings,Carolina Panthers,5,18,10,22,0,1
38,2019-09-25,Detroit Lions,Green Bay Packers,12,1,34,27,0,1
39,2019-09-25,Washington Redskins,New York Giants,26,11,27,29,0,1
40,2019-09-25,Denver Broncos,Cincinnati Bengals,0,7,17,29,0,1
41,2019-09-25,San Francisco 49ers,Seattle Seahawks,15,10,37,18,0,1
42,2019-09-25,Los Angeles Rams,Tampa Bay Buccaneers,21,4,32,37,0,1
43,2019-09-25,Pittsburgh Steelers,Philadelphia Eagles,14,8,34,3,0,1
44,2019-09-25,San Diego Chargers,Indianapolis Colts,22,27,26,22,0,1
45,2019-09-25,New York Jets,Kansas City Chiefs,16,3,24,3,0,1
46,2019-09-25,Chicago Bears,Dallas Cowboys,29,19,31,17,0,1
47,2019-09-26,Atlanta Falcons,New Orleans Saints,23,30,32,45,0,1
48,2019-09-29,Miami Dolphins,Cincinnati Bengals,25,7,22,7,0,1
49,2019-10-02,Indianapolis Colts,Jacksonville Jaguars,27,28,30,27,0,1
50,2019-10-02,Detroit Lions,Chicago Bears,12,29,17,14,0,1
51,2019-10-02,Oakland Raiders,Baltimore Ravens,6,2,27,28,0,1
52,2019-10-02,Buffalo Bills,New England Patriots,24,13,0,16,0,1
53,2019-10-02,Tennessee Titans,Houston Texans,17,9,27,20,0,1
54,2019-10-02,Seattle Seahawks,New York Jets,10,16,17,27,0,1
55,2019-10-02,Carolina Panthers,Atlanta Falcons,18,23,48,33,0,1
56,2019-10-02,Cleveland Browns,Washington Redskins,31,26,31,20,0,1
57,2019-10-02,Denver Broncos,Tampa Bay Buccaneers,0,4,7,27,0,1
58,2019-10-02,Los Angeles Rams,Arizona Cardinals,21,20,13,17,0,1
59,2019-10-02,Dallas Cowboys,San Francisco 49ers,19,15,17,24,0,1
60,2019-10-02,New Orleans Saints,San Diego Chargers,30,22,34,35,0,1
61,2019-10-02,Kansas City Chiefs,Pittsburgh Steelers,3,14,43,14,0,1
62,2019-10-03,New York Giants,Minnesota Vikings,11,5,24,10,0,1
63,2019-10-06,Arizona Cardinals,San Francisco 49ers,20,15,21,33,0,1
64,2019-10-09,Chicago Bears,Indianapolis Colts,29,27,29,23,0,1
65,2019-10-09,Philadelphia Eagles,Detroit Lions,8,12,24,23,0,1
66,2019-10-09,New York Jets,Pittsburgh Steelers,16,14,31,13,0,1
67,2019-10-09,Tennessee Titans,Miami Dolphins,17,25,17,30,0,1
68,2019-10-09,New England Patriots,Cleveland Browns,13,31,13,33,0,1
69,2019-10-09,Washington Redskins,Baltimore Ravens,26,2,10,16,0,1
70,2019-10-09,Houston Texans,Minnesota Vikings,9,5,31,13,0,1
71,2019-10-09,Atlanta Falcons,Denver Broncos,23,0,16,23,0,1
72,2019-10-09,San Diego Chargers,Oakland Raiders,22,6,34,31,0,1
73,2019-10-09,Cincinnati Bengals,Dallas Cowboys,7,19,28,14,0,1
74,2019-10-09,Buffalo Bills,Los Angeles Rams,24,21,19,30,0,1
75,2019-10-09,New York Giants,Green Bay Packers,11,1,23,16,0,1
76,2019-10-10,Tampa Bay Buccaneers,Carolina Panthers,4,18,14,17,0,1
77,2019-10-13,Denver Broncos,San Diego Chargers,0,22,21,13,0,1
78,2019-10-16,Cleveland Browns,Tennessee Titans,31,17,28,26,0,1
79,2019-10-16,Baltimore Ravens,New York Giants,2,11,27,23,0,1
80,2019-10-16,Jacksonville Jaguars,Chicago Bears,28,29,16,17,0,1
81,2019-10-16,Los Angeles Rams,Detroit Lions,21,12,31,28,0,1
82,2019-10-16,Pittsburgh Steelers,Miami Dolphins,14,25,30,15,0,1
83,2019-10-16,Cincinnati Bengals,New England Patriots,7,13,35,17,0,1
84,2019-10-16,San Francisco 49ers,Buffalo Bills,15,24,45,16,0,1
85,2019-10-16,Philadelphia Eagles,Washington Redskins,8,26,27,20,0,1
86,2019-10-16,Carolina Panthers,New Orleans Saints,18,30,41,38,0,1
87,2019-10-16,Kansas City Chiefs,Oakland Raiders,3,6,10,26,0,1
88,2019-10-16,Dallas Cowboys,Green Bay Packers,19,1,16,30,0,1
89,2019-10-16,Atlanta Falcons,Seattle Seahawks,23,10,26,24,0,1
90,2019-10-16,Indianapolis Colts,Houston Texans,27,9,26,23,0,1
91,2019-10-17,New York Jets,Arizona Cardinals,16,20,28,3,0,1
92,2019-10-20,Chicago Bears,Green Bay Packers,29,1,26,10,0,1
93,2019-10-23,New York Giants,Los Angeles Rams,11,21,10,17,0,1
94,2019-10-23,Oakland Raiders,Jacksonville Jaguars,6,28,16,33,0,1
95,2019-10-23,Minnesota Vikings,Philadelphia Eagles,5,8,21,10,0,1
96,2019-10-23,Cleveland Browns,Cincinnati Bengals,31,7,31,17,0,1
97,2019-10-23,Buffalo Bills,Miami Dolphins,24,25,28,25,0,1
98,2019-10-23,Washington Redskins,Detroit Lions,26,12,20,17,0,1
99,2019-10-23,Indianapolis Colts,Tennessee Titans,27,17,26,34,0,1
100,2019-10-23,New Orleans Saints,Kansas City Chiefs,30,3,27,21,0,1
101,2019-10-23,Baltimore Ravens,New York Jets,2,16,24,16,0,1
102,2019-10-23,San Diego Chargers,Atlanta Falcons,22,23,30,33,0,1
103,2019-10-23,Tampa Bay Buccaneers,San Francisco 49ers,4,15,17,34,0,1
104,2019-10-23,New England Patriots,Pittsburgh Steelers,13,14,16,27,0,1
105,2019-10-23,Seattle Seahawks,Arizona Cardinals,10,20,6,6,0,1
106,2019-10-24,Houston Texans,Denver Broncos,9,0,27,9,0,1
107,2019-10-27,Jacksonville Jaguars,Tennessee Titans,28,17,36,22,0,1
108,2019-10-30,Washington Redskins,Cincinnati Bengals,26,7,27,27,0,1
109,2019-10-30,Arizona Cardinals,Carolina Panthers,20,18,30,20,0,1
110,2019-10-30,New York Jets,Cleveland Browns,16,31,28,31,0,1
111,2019-10-30,New England Patriots,Buffalo Bills,13,24,25,41,0,1
112,2019-10-30,Oakland Raiders,Tampa Bay Buccaneers,6,4,24,30,0,1
113,2019-10-30,Kansas City Chiefs,Indianapolis Colts,3,27,14,30,0,1
114,2019-10-30,Seattle Seahawks,New Orleans Saints,10,30,25,20,0,1
115,2019-10-30,Detroit Lions,Houston Texans,12,9,20,13,0,1
116,2019-10-30,San Diego Chargers,Denver Broncos,22,0,27,19,0,1
117,2019-10-30,Green Bay Packers,Atlanta Falcons,1,23,33,32,0,1
118,2019-10-30,Philadelphia Eagles,Dallas Cowboys,8,19,29,23,0,1
119,2019-10-31,Minnesota Vikings,Chicago Bears,5,29,20,10,0,1
120,2019-11-03,Atlanta Falcons,Tampa Bay Buccaneers,23,4,28,43,0,1
121,2019-11-06,Jacksonville Jaguars,Kansas City Chiefs,28,3,19,14,0,1
122,2019-11-06,Pittsburgh Steelers,Baltimore Ravens,14,2,21,14,0,1
123,2019-11-06,Philadelphia Eagles,New York Giants,8,11,28,23,0,1
124,2019-11-06,New York Jets,Miami Dolphins,16,25,27,23,0,1
125,2019-11-06,Detroit Lions,Minnesota Vikings,12,5,16,22,0,1
126,2019-11-06,Dallas Cowboys,Cleveland Browns,19,31,10,35,0,1
127,2019-11-06,New Orleans Saints,San Francisco 49ers,30,15,23,41,0,1
128,2019-11-06,Carolina Panthers,Los Angeles Rams,18,21,10,13,0,1
129,2019-11-06,Indianapolis Colts,Green Bay Packers,27,1,26,31,0,1
130,2019-11-06,Tennessee Titans,San Diego Chargers,17,22,43,35,0,1
131,2019-11-06,Denver Broncos,Oakland Raiders,0,6,30,20,0,1
132,2019-11-07,Buffalo Bills,Seattle Seahawks,24,10,31,25,0,1
133,2019-11-10,Cleveland Browns,Baltimore Ravens,31,2,28,7,0,1
134,2019-11-13,Minnesota Vikings,Washington Redskins,5,26,26,20,0,1
135,2019-11-13,Houston Texans,Jacksonville Jaguars,9,28,21,24,0,1
136,2019-11-13,Chicago Bears,Tampa Bay Buccaneers,29,4,36,10,0,1
137,2019-11-13,Kansas City Chiefs,Carolina Panthers,3,18,17,20,0,1
138,2019-11-13,Green Bay Packers,Tennessee Titans,1,17,47,25,0,1
139,2019-11-13,Denver Broncos,New Orleans Saints,0,30,23,25,0,1
140,2019-11-13,Los Angeles Rams,New York Jets,21,16,6,9,0,1
141,2019-11-13,Atlanta Falcons,Philadelphia Eagles,23,8,24,15,0,1
142,2019-11-13,Miami Dolphins,San Diego Chargers,25,22,24,31,0,1
143,2019-11-13,San Francisco 49ers,Arizona Cardinals,15,20,23,20,0,1
144,2019-11-13,Dallas Cowboys,Pittsburgh Steelers,19,14,30,35,0,1
145,2019-11-13,Seattle Seahawks,New England Patriots,10,13,24,31,0,1
146,2019-11-14,Cincinnati Bengals,New York Giants,7,11,21,20,0,1
147,2019-11-17,New Orleans Saints,Carolina Panthers,30,18,23,20,0,1
148,2019-11-20,Buffalo Bills,Cincinnati Bengals,24,7,12,16,0,1
149,2019-11-20,Tampa Bay Buccaneers,Kansas City Chiefs,4,3,17,19,0,1
150,2019-11-20,Chicago Bears,New York Giants,29,11,22,16,0,1
151,2019-11-20,Jacksonville Jaguars,Detroit Lions,28,12,26,19,0,1
152,2019-11-20,Arizona Cardinals,Minnesota Vikings,20,5,30,24,0,1
153,2019-11-20,Tennessee Titans,Indianapolis Colts,17,27,24,17,0,1
154,2019-11-20,Baltimore Ravens,Dallas Cowboys,2,19,27,17,0,1
155,2019-11-20,Pittsburgh Steelers,Cleveland Browns,14,31,9,24,0,1
156,2019-11-20,Miami Dolphins,Los Angeles Rams,25,21,10,14,0,1
157,2019-11-20,New England Patriots,San Francisco 49ers,13,15,17,30,0,1
158,2019-11-20,Philadelphia Eagles,Seattle Seahawks,8,10,26,15,0,1
159,2019-11-20,Green Bay Packers,Washington Redskins,1,26,42,24,0,1
160,2019-11-21,Houston Texans,Oakland Raiders,9,6,27,20,0,1
161,2019-11-24,Minnesota Vikings,Detroit Lions,5,12,16,13,0,1
162,2019-11-24,Washington Redskins,Dallas Cowboys,26,19,31,26,0,1
163,2019-11-24,Pittsburgh Steelers,Indianapolis Colts,14,27,7,28,0,1
164,2019-11-27,Jacksonville Jaguars,Buffalo Bills,28,24,28,21,0,1
165,2019-11-27,San Diego Chargers,Houston Texans,22,9,13,21,0,1
166,2019-11-27,Tennessee Titans,Chicago Bears,17,29,21,27,0,1
167,2019-11-27,Los Angeles Rams,New Orleans Saints,21,30,49,21,0,1
168,2019-11-27,San Francisco 49ers,Miami Dolphins,15,25,31,24,0,1
169,2019-11-27,Arizona Cardinals,Atlanta Falcons,20,23,38,19,0,1
170,2019-11-27,Cincinnati Bengals,Baltimore Ravens,7,2,19,14,0,1
171,2019-11-27,New York Giants,Cleveland Browns,11,31,13,27,0,1
172,2019-11-27,Seattle Seahawks,Tampa Bay Buccaneers,10,4,14,5,0,1
173,2019-11-27,New England Patriots,New York Jets,13,16,17,22,0,1
174,2019-11-27,Carolina Panthers,Oakland Raiders,18,6,35,32,0,1
175,2019-11-27,Kansas City Chiefs,Denver Broncos,3,0,27,30,0,1
176,2019-11-28,Green Bay Packers,Philadelphia Eagles,1,8,13,27,0,1
177,2019-12-01,Dallas Cowboys,Minnesota Vikings,19,5,15,17,0,1
178,2019-12-04,Detroit Lions,New Orleans Saints,12,30,13,28,0,1
179,2019-12-04,San Francisco 49ers,Chicago Bears,15,29,26,6,0,1
180,2019-12-04,Miami Dolphins,Baltimore Ravens,25,2,38,6,0,1
181,2019-12-04,Denver Broncos,Jacksonville Jaguars,0,28,10,20,0,1
182,2019-12-04,Kansas City Chiefs,Atlanta Falcons,3,23,28,29,0,1
183,2019-12-04,Philadelphia Eagles,Cincinnati Bengals,8,7,32,14,0,1
184,2019-12-04,Los Angeles Rams,New England Patriots,21,13,26,10,0,1
185,2019-12-04,Houston Texans,Green Bay Packers,9,1,21,13,0,1
186,2019-12-04,Buffalo Bills,Oakland Raiders,24,6,38,24,0,1
187,2019-12-04,Washington Redskins,Arizona Cardinals,26,20,31,23,0,1
188,2019-12-04,Tampa Bay Buccaneers,San Diego Chargers,4,22,21,28,0,1
189,2019-12-04,New York Giants,Pittsburgh Steelers,11,14,24,14,0,1
190,2019-12-04,Carolina Panthers,Seattle Seahawks,18,10,40,7,0,1
191,2019-12-05,Indianapolis Colts,New York Jets,27,16,10,41,0,1
192,2019-12-08,Oakland Raiders,Kansas City Chiefs,6,3,21,13,0,1
193,2019-12-11,Arizona Cardinals,Miami Dolphins,20,25,26,23,0,1
194,2019-12-11,San Diego Chargers,Carolina Panthers,22,18,28,16,0,1
195,2019-12-11,Chicago Bears,Detroit Lions,29,12,20,17,0,1
196,2019-12-11,Denver Broncos,Tennessee Titans,0,17,13,10,0,1
197,2019-12-11,Houston Texans,Indianapolis Colts,9,27,17,22,0,1
198,2019-12-11,Minnesota Vikings,Jacksonville Jaguars,5,28,16,25,0,1
199,2019-12-11,Cincinnati Bengals,Cleveland Browns,7,31,10,23,0,1
200,2019-12-11,Washington Redskins,Philadelphia Eagles,26,8,22,27,0,1
201,2019-12-11,Pittsburgh Steelers,Buffalo Bills,14,24,20,27,0,1
202,2019-12-11,New York Jets,San Francisco 49ers,16,15,17,23,0,1
203,2019-12-11,New Orleans Saints,Tampa Bay Buccaneers,30,4,16,11,0,1
204,2019-12-11,Seattle Seahawks,Green Bay Packers,10,1,38,10,0,1
205,2019-12-11,Atlanta Falcons,Los Angeles Rams,23,21,14,42,0,1
206,2019-12-11,Dallas Cowboys,New York Giants,19,11,10,7,0,1
207,2019-12-12,Baltimore Ravens,New England Patriots,2,13,30,23,0,1
208,2019-12-15,Los Angeles Rams,Seattle Seahawks,21,10,24,3,0,1
209,2019-12-17,Miami Dolphins,New York Jets,25,16,13,34,0,1
210,2019-12-18,Cleveland Browns,Buffalo Bills,31,24,33,13,0,1
211,2019-12-18,Detroit Lions,New York Giants,12,11,17,6,0,1
212,2019-12-18,Green Bay Packers,Chicago Bears,1,29,27,30,0,1
213,2019-12-18,Indianapolis Colts,Minnesota Vikings,27,5,6,34,0,1
214,2019-12-18,Pittsburgh Steelers,Cincinnati Bengals,14,7,20,24,0,1
215,2019-12-18,Philadelphia Eagles,Baltimore Ravens,8,2,27,26,0,1
216,2019-12-18,Jacksonville Jaguars,Houston Texans,28,9,21,20,0,1
217,2019-12-18,Tennessee Titans,Kansas City Chiefs,17,3,17,19,0,1
218,2019-12-18,New Orleans Saints,Arizona Cardinals,30,20,41,48,0,1
219,2019-12-18,San Francisco 49ers,Atlanta Falcons,15,23,41,13,0,1
220,2019-12-18,New England Patriots,Denver Broncos,13,0,3,16,0,1
221,2019-12-18,Oakland Raiders,San Diego Chargers,6,22,16,19,0,1
222,2019-12-18,Tampa Bay Buccaneers,Dallas Cowboys,4,19,26,20,0,1
223,2019-12-19,Carolina Panthers,Washington Redskins,18,26,15,26,0,1
224,2019-12-22,New York Giants,Philadelphia Eagles,11,8,24,19,0,1
225,2019-12-24,Atlanta Falcons,Carolina Panthers,23,18,16,33,0,1
226,2019-12-24,New York Jets,New England Patriots,16,13,41,3,0,1
227,2019-12-24,Minnesota Vikings,Green Bay Packers,5,1,38,25,0,1
228,2019-12-24,Miami Dolphins,Buffalo Bills,25,24,31,34,0,1
229,2019-12-24,San Diego Chargers,Cleveland Browns,22,31,20,17,0,1
230,2019-12-24,Tennessee Titans,Jacksonville Jaguars,17,28,38,17,0,1
231,2019-12-24,Washington Redskins,Chicago Bears,26,29,21,41,0,1
232,2019-12-24,Indianapolis Colts,Oakland Raiders,27,6,33,25,0,1
233,2019-12-24,San Francisco 49ers,Los Angeles Rams,15,21,21,22,0,1
234,2019-12-24,Tampa Bay Buccaneers,New Orleans Saints,4,30,31,24,0,1
235,2019-12-24,Arizona Cardinals,Seattle Seahawks,20,10,31,34,0,1
236,2019-12-24,Cincinnati Bengals,Houston Texans,7,9,12,10,0,1
237,2019-12-25,Baltimore Ravens,Pittsburgh Steelers,2,14,31,27,0,1
238,2019-12-25,Denver Broncos,Kansas City Chiefs,0,3,33,10,0,1
239,2019-12-26,Detroit Lions,Dallas Cowboys,12,19,42,21,0,1
240,2019-01-01,Cleveland Browns,Pittsburgh Steelers,31,14,27,24,0,1
241,2019-01-01,Chicago Bears,Minnesota Vikings,29,5,38,10,0,1
242,2019-01-01,Houston Texans,Tennessee Titans,9,17,24,17,0,1
243,2019-01-01,Jacksonville Jaguars,Indianapolis Colts,28,27,24,20,0,1
244,2019-01-01,Baltimore Ravens,Cincinnati Bengals,2,7,27,10,0,1
245,2019-01-01,Dallas Cowboys,Philadelphia Eagles,19,8,27,13,0,1
246,2019-01-01,Carolina Panthers,Tampa Bay Buccaneers,18,4,17,16,0,1
247,2019-01-01,New England Patriots,Miami Dolphins,13,25,14,35,0,1
248,2019-01-01,Buffalo Bills,New York Jets,24,16,30,10,0,1
249,2019-01-01,Oakland Raiders,Denver Broncos,6,0,24,6,0,1
250,2019-01-01,Kansas City Chiefs,San Diego Chargers,3,22,27,37,0,1
251,2019-01-01,New Orleans Saints,Atlanta Falcons,30,23,38,32,0,1
252,2019-01-01,New York Giants,Washington Redskins,11,26,10,19,0,1
253,2019-01-01,Seattle Seahawks,San Francisco 49ers,10,15,23,25,0,1
254,2019-01-01,Arizona Cardinals,Los Angeles Rams,20,21,6,44,0,1
255,2019-01-01,Green Bay Packers,Detroit Lions,1,12,24,31,0,1
256,2019-01-07,Detroit Lions,Seattle Seahawks,12,10,26,6,0,0
257,2019-01-08,Miami Dolphins,Pittsburgh Steelers,25,14,30,12,0,0
258,2019-01-08,New York Giants,Green Bay Packers,11,1,38,13,0,0
259,2019-01-14,Seattle Seahawks,Atlanta Falcons,10,23,36,20,0,0
260,2019-01-14,Houston Texans,New England Patriots,9,13,34,16,0,0
261,2019-01-15,Green Bay Packers,Dallas Cowboys,1,19,31,34,0,0
262,2019-01-15,Pittsburgh Steelers,Kansas City Chiefs,14,3,16,18,0,0
263,2019-01-22,Green Bay Packers,Atlanta Falcons,1,23,44,21,0,0
264,2019-01-22,Pittsburgh Steelers,New England Patriots,14,13,36,17,0,0
265,2019-09-07,Kansas City Chiefs,New England Patriots,3,13,27,42,1,1
266,2019-09-10,Oakland Raiders,Tennessee Titans,6,17,16,26,1,1
267,2019-09-10,Atlanta Falcons,Chicago Bears,23,29,17,23,1,1
268,2019-09-10,New York Jets,Buffalo Bills,16,24,21,12,1,1
269,2019-09-10,Pittsburgh Steelers,Cleveland Browns,14,31,18,21,1,1
270,2019-09-10,Baltimore Ravens,Cincinnati Bengals,2,7,0,20,1,1
271,2019-09-10,Philadelphia Eagles,Washington Redskins,8,26,17,30,1,1
272,2019-09-10,Arizona Cardinals,Detroit Lions,20,12,35,23,1,1
273,2019-09-10,Jacksonville Jaguars,Houston Texans,28,9,7,29,1,1
274,2019-09-10,Indianapolis Colts,Los Angeles Rams,27,21,46,9,1,1
275,2019-09-10,Carolina Panthers,San Francisco 49ers,18,15,3,23,1,1
276,2019-09-10,Seattle Seahawks,Green Bay Packers,10,1,17,9,1,1
277,2019-09-10,New York Giants,Dallas Cowboys,11,19,19,3,1,1
278,2019-09-11,New Orleans Saints,Minnesota Vikings,30,5,29,19,1,1
279,2019-09-11,Los Angeles Chargers,Denver Broncos,22,0,24,21,1,1
280,2019-09-14,Houston Texans,Cincinnati Bengals,9,7,9,13,1,1
281,2019-09-17,Philadelphia Eagles,Kansas City Chiefs,8,3,27,20,1,1
282,2019-09-17,Arizona Cardinals,Indianapolis Colts,20,27,13,16,1,1
283,2019-09-17,Buffalo Bills,Carolina Panthers,24,18,9,3,1,1
284,2019-09-17,New England Patriots,New Orleans Saints,13,30,20,36,1,1
285,2019-09-17,Minnesota Vikings,Pittsburgh Steelers,5,14,26,9,1,1
286,2019-09-17,Chicago Bears,Tampa Bay Buccaneers,29,4,29,7,1,1
287,2019-09-17,Cleveland Browns,Baltimore Ravens,31,2,24,10,1,1
288,2019-09-17,Tennessee Titans,Jacksonville Jaguars,17,28,16,37,1,1
289,2019-09-17,Miami Dolphins,Los Angeles Chargers,25,22,17,19,1,1
290,2019-09-17,New York Jets,Oakland Raiders,16,6,45,20,1,1
291,2019-09-17,San Francisco 49ers,Seattle Seahawks,15,10,12,9,1,1
292,2019-09-17,Dallas Cowboys,Denver Broncos,19,0,42,17,1,1
293,2019-09-17,Washington Redskins,Los Angeles Rams,26,21,20,27,1,1
294,2019-09-17,Green Bay Packers,Atlanta Falcons,1,23,34,23,1,1
295,2019-09-18,Detroit Lions,New York Giants,12,11,10,24,1,1
296,2019-09-21,Los Angeles Rams,San Francisco 49ers,21,15,39,41,1,1
297,2019-09-24,Baltimore Ravens,Jacksonville Jaguars,2,28,44,7,1,1
298,2019-09-24,Miami Dolphins,New York Jets,25,16,20,6,1,1
299,2019-09-24,Cleveland Browns,Indianapolis Colts,31,27,31,28,1,1
300,2019-09-24,Houston Texans,New England Patriots,9,13,36,33,1,1
301,2019-09-24,New York Giants,Philadelphia Eagles,11,8,27,24,1,1
302,2019-09-24,Atlanta Falcons,Detroit Lions,23,12,26,30,1,1
303,2019-09-24,Denver Broncos,Buffalo Bills,0,24,26,16,1,1
304,2019-09-24,Tampa Bay Buccaneers,Minnesota Vikings,4,5,34,17,1,1
305,2019-09-24,Pittsburgh Steelers,Chicago Bears,14,29,23,17,1,1
306,2019-09-24,New Orleans Saints,Carolina Panthers,30,18,13,34,1,1
307,2019-09-24,Seattle Seahawks,Tennessee Titans,10,17,33,27,1,1
308,2019-09-24,Cincinnati Bengals,Green Bay Packers,7,1,27,24,1,1
309,2019-09-24,Kansas City Chiefs,Los Angeles Chargers,3,22,10,24,1,1
310,2019-09-24,Oakland Raiders,Washington Redskins,6,26,27,10,1,1
311,2019-09-25,Dallas Cowboys,Arizona Cardinals,19,20,17,28,1,1
312,2019-09-28,Chicago Bears,Green Bay Packers,29,1,35,14,1,1
313,2019-10-01,New Orleans Saints,Miami Dolphins,30,25,0,20,1,1
314,2019-10-01,Carolina Panthers,New England Patriots,18,13,30,33,1,1
315,2019-10-01,Tennessee Titans,Houston Texans,17,9,57,14,1,1
316,2019-10-01,Cincinnati Bengals,Cleveland Browns,7,31,7,31,1,1
317,2019-10-01,Jacksonville Jaguars,New York Jets,28,16,23,20,1,1
318,2019-10-01,Los Angeles Rams,Dallas Cowboys,21,19,30,35,1,1
319,2019-10-01,Detroit Lions,Minnesota Vikings,12,5,7,14,1,1
320,2019-10-01,Pittsburgh Steelers,Baltimore Ravens,14,2,9,26,1,1
321,2019-10-01,Buffalo Bills,Atlanta Falcons,24,23,17,23,1,1
322,2019-10-01,Philadelphia Eagles,Los Angeles Chargers,8,22,24,26,1,1
323,2019-10-01,San Francisco 49ers,Arizona Cardinals,15,20,18,15,1,1
324,2019-10-01,New York Giants,Tampa Bay Buccaneers,11,4,25,23,1,1
325,2019-10-01,Oakland Raiders,Denver Broncos,6,0,16,10,1,1
326,2019-10-01,Indianapolis Colts,Seattle Seahawks,27,10,46,18,1,1
327,2019-10-02,Washington Redskins,Kansas City Chiefs,26,3,29,20,1,1
328,2019-10-05,New England Patriots,Tampa Bay Buccaneers,13,4,14,19,1,1
329,2019-10-08,Tennessee Titans,Miami Dolphins,17,25,16,10,1,1
330,2019-10-08,San Francisco 49ers,Indianapolis Colts,15,27,26,23,1,1
331,2019-10-08,Buffalo Bills,Cincinnati Bengals,24,7,20,16,1,1
332,2019-10-08,New York Jets,Cleveland Browns,16,31,14,17,1,1
333,2019-10-08,Carolina Panthers,Detroit Lions,18,12,24,27,1,1
334,2019-10-08,Arizona Cardinals,Philadelphia Eagles,20,8,34,7,1,1
335,2019-10-08,Jacksonville Jaguars,Pittsburgh Steelers,28,14,9,30,1,1
336,2019-10-08,Los Angeles Chargers,New York Giants,22,11,22,27,1,1
337,2019-10-08,Baltimore Ravens,Oakland Raiders,2,6,17,30,1,1
338,2019-10-08,Seattle Seahawks,Los Angeles Rams,10,21,10,16,1,1
339,2019-10-08,Green Bay Packers,Dallas Cowboys,1,19,31,35,1,1
340,2019-10-08,Kansas City Chiefs,Houston Texans,3,9,34,42,1,1
341,2019-10-09,Minnesota Vikings,Chicago Bears,5,29,17,20,1,1
342,2019-10-12,Philadelphia Eagles,Carolina Panthers,8,18,23,28,1,1
343,2019-10-15,Miami Dolphins,Atlanta Falcons,25,23,17,20,1,1
344,2019-10-15,Green Bay Packers,Minnesota Vikings,1,5,23,10,1,1
345,2019-10-15,New England Patriots,New York Jets,13,16,17,24,1,1
346,2019-10-15,Cleveland Browns,Houston Texans,31,9,33,17,1,1
347,2019-10-15,Chicago Bears,Baltimore Ravens,29,2,24,27,1,1
348,2019-10-15,Detroit Lions,New Orleans Saints,12,30,52,38,1,1
349,2019-10-15,San Francisco 49ers,Washington Redskins,15,26,26,24,1,1
350,2019-10-15,Los Angeles Rams,Jacksonville Jaguars,21,28,17,27,1,1
351,2019-10-15,Tampa Bay Buccaneers,Arizona Cardinals,4,20,38,33,1,1
352,2019-10-15,Pittsburgh Steelers,Kansas City Chiefs,14,3,13,19,1,1
353,2019-10-15,Los Angeles Chargers,Oakland Raiders,22,6,16,17,1,1
354,2019-10-15,New York Giants,Denver Broncos,11,0,10,23,1,1
355,2019-10-16,Indianapolis Colts,Tennessee Titans,27,17,36,22,1,1
356,2019-10-19,Kansas City Chiefs,Oakland Raiders,3,6,31,30,1,1
357,2019-10-22,Tampa Bay Buccaneers,Buffalo Bills,4,24,30,27,1,1
358,2019-10-22,New York Jets,Miami Dolphins,16,25,31,28,1,1
359,2019-10-22,Baltimore Ravens,Minnesota Vikings,2,5,24,16,1,1
360,2019-10-22,Carolina Panthers,Chicago Bears,18,29,17,3,1,1
361,2019-10-22,Arizona Cardinals,Los Angeles Rams,20,21,33,0,1,1
362,2019-10-22,New Orleans Saints,Green Bay Packers,30,1,17,26,1,1
363,2019-10-22,Jacksonville Jaguars,Indianapolis Colts,28,27,0,27,1,1
364,2019-10-22,Tennessee Titans,Cleveland Browns,17,31,9,12,1,1
365,2019-10-22,Dallas Cowboys,San Francisco 49ers,19,15,10,40,1,1
366,2019-10-22,Cincinnati Bengals,Pittsburgh Steelers,7,14,29,14,1,1
367,2019-10-22,Denver Broncos,Los Angeles Chargers,0,22,21,0,1,1
368,2019-10-22,Seattle Seahawks,New York Giants,10,11,7,24,1,1
369,2019-10-22,Atlanta Falcons,New England Patriots,23,13,23,7,1,1
370,2019-10-23,Washington Redskins,Philadelphia Eagles,26,8,34,24,1,1
371,2019-10-26,Miami Dolphins,Baltimore Ravens,25,2,40,0,1,1
372,2019-10-29,Minnesota Vikings,Cleveland Browns,5,31,16,33,1,1
373,2019-10-29,Oakland Raiders,Buffalo Bills,6,24,34,14,1,1
374,2019-10-29,Atlanta Falcons,New York Jets,23,16,20,25,1,1
375,2019-10-29,Indianapolis Colts,Cincinnati Bengals,27,7,24,23,1,1
376,2019-10-29,Chicago Bears,New Orleans Saints,29,30,20,12,1,1
377,2019-10-29,Carolina Panthers,Tampa Bay Buccaneers,18,4,3,17,1,1
378,2019-10-29,San Francisco 49ers,Philadelphia Eagles,15,8,33,10,1,1
379,2019-10-29,Los Angeles Chargers,New England Patriots,22,13,21,13,1,1
380,2019-10-29,Houston Texans,Seattle Seahawks,9,10,41,38,1,1
381,2019-10-29,Dallas Cowboys,Washington Redskins,19,26,19,33,1,1
382,2019-10-29,Pittsburgh Steelers,Detroit Lions,14,12,15,20,1,1
383,2019-10-30,Denver Broncos,Kansas City Chiefs,0,3,29,19,1,1
384,2019-11-02,Buffalo Bills,New York Jets,24,16,34,21,1,1
385,2019-11-05,Atlanta Falcons,Carolina Panthers,23,18,20,17,1,1
386,2019-11-05,Cincinnati Bengals,Jacksonville Jaguars,7,28,23,7,1,1
387,2019-11-05,Denver Broncos,Philadelphia Eagles,0,8,51,23,1,1
388,2019-11-05,Los Angeles Rams,New York Giants,21,11,17,51,1,1
389,2019-11-05,Baltimore Ravens,Tennessee Titans,2,17,23,20,1,1
390,2019-11-05,Tampa Bay Buccaneers,New Orleans Saints,4,30,30,10,1,1
391,2019-11-05,Indianapolis Colts,Houston Texans,27,9,14,20,1,1
392,2019-11-05,Washington Redskins,Seattle Seahawks,26,10,14,17,1,1
393,2019-11-05,Arizona Cardinals,San Francisco 49ers,20,15,10,20,1,1
394,2019-11-05,Kansas City Chiefs,Dallas Cowboys,3,19,28,17,1,1
395,2019-11-05,Oakland Raiders,Miami Dolphins,6,25,24,27,1,1
396,2019-11-06,Detroit Lions,Green Bay Packers,12,1,17,30,1,1
397,2019-11-09,Seattle Seahawks,Arizona Cardinals,10,20,16,22,1,1
398,2019-11-12,New Orleans Saints,Buffalo Bills,30,24,10,47,1,1
399,2019-11-12,Green Bay Packers,Chicago Bears,1,29,16,23,1,1
400,2019-11-12,Los Angeles Chargers,Jacksonville Jaguars,22,28,20,17,1,1
401,2019-11-12,Minnesota Vikings,Washington Redskins,5,26,30,38,1,1
402,2019-11-12,Cleveland Browns,Detroit Lions,31,12,38,24,1,1
403,2019-11-12,Cincinnati Bengals,Tennessee Titans,7,17,24,20,1,1
404,2019-11-12,Pittsburgh Steelers,Indianapolis Colts,14,27,17,20,1,1
405,2019-11-12,New York Jets,Tampa Bay Buccaneers,16,4,15,10,1,1
406,2019-11-12,Houston Texans,Los Angeles Rams,9,21,33,7,1,1
407,2019-11-12,Dallas Cowboys,Atlanta Falcons,19,23,27,7,1,1
408,2019-11-12,New York Giants,San Francisco 49ers,11,15,31,21,1,1
409,2019-11-12,New England Patriots,Denver Broncos,13,0,16,41,1,1
410,2019-11-13,Miami Dolphins,Carolina Panthers,25,18,45,21,1,1
411,2019-11-16,Tennessee Titans,Pittsburgh Steelers,17,14,40,17,1,1
412,2019-11-19,Washington Redskins,New Orleans Saints,26,30,34,31,1,1
413,2019-11-19,Arizona Cardinals,Houston Texans,20,9,31,21,1,1
414,2019-11-19,Tampa Bay Buccaneers,Miami Dolphins,4,25,20,30,1,1
415,2019-11-19,Detroit Lions,Chicago Bears,12,29,24,27,1,1
416,2019-11-19,Los Angeles Rams,Minnesota Vikings,21,5,24,7,1,1
417,2019-11-19,Kansas City Chiefs,New York Giants,3,11,12,9,1,1
418,2019-11-19,Baltimore Ravens,Green Bay Packers,2,1,0,23,1,1
419,2019-11-19,Jacksonville Jaguars,Cleveland Browns,28,31,7,19,1,1
420,2019-11-19,Buffalo Bills,Los Angeles Chargers,24,22,54,24,1,1
421,2019-11-19,New England Patriots,Oakland Raiders,13,6,8,33,1,1
422,2019-11-19,Cincinnati Bengals,Denver Broncos,7,0,17,20,1,1
423,2019-11-19,Philadelphia Eagles,Dallas Cowboys,8,19,9,37,1,1
424,2019-11-20,Atlanta Falcons,Seattle Seahawks,23,10,31,34,1,1
425,2019-11-23,Minnesota Vikings,Detroit Lions,5,12,23,30,1,1
426,2019-11-23,Los Angeles Chargers,Dallas Cowboys,22,19,6,28,1,1
427,2019-11-23,New York Giants,Washington Redskins,11,26,20,10,1,1
428,2019-11-26,Cleveland Browns,Cincinnati Bengals,31,7,30,16,1,1
429,2019-11-26,Tennessee Titans,Indianapolis Colts,17,27,16,20,1,1
430,2019-11-26,Miami Dolphins,New England Patriots,25,13,35,17,1,1
431,2019-11-26,Buffalo Bills,Kansas City Chiefs,24,3,10,16,1,1
432,2019-11-26,Chicago Bears,Philadelphia Eagles,29,8,31,3,1,1
433,2019-11-26,Tampa Bay Buccaneers,Atlanta Falcons,4,23,34,20,1,1
434,2019-11-26,Carolina Panthers,New York Jets,18,16,27,35,1,1
435,2019-11-26,Seattle Seahawks,San Francisco 49ers,10,15,13,24,1,1
436,2019-11-26,New Orleans Saints,Los Angeles Rams,30,21,26,20,1,1
437,2019-11-26,Jacksonville Jaguars,Arizona Cardinals,28,20,27,24,1,1
438,2019-11-26,Denver Broncos,Oakland Raiders,0,6,21,14,1,1
439,2019-11-26,Green Bay Packers,Pittsburgh Steelers,1,14,31,28,1,1
440,2019-11-27,Houston Texans,Baltimore Ravens,9,2,23,16,1,1
441,2019-11-30,Washington Redskins,Dallas Cowboys,26,19,38,14,1,1
442,2019-12-03,New England Patriots,Buffalo Bills,13,24,3,23,1,1
443,2019-12-03,Kansas City Chiefs,New York Jets,3,16,38,31,1,1
444,2019-12-03,Detroit Lions,Baltimore Ravens,12,2,44,20,1,1
445,2019-12-03,San Francisco 49ers,Chicago Bears,15,29,14,15,1,1
446,2019-12-03,Minnesota Vikings,Atlanta Falcons,5,23,9,14,1,1
447,2019-12-03,Denver Broncos,Miami Dolphins,0,25,35,9,1,1
448,2019-12-03,Tampa Bay Buccaneers,Green Bay Packers,4,1,26,20,1,1
449,2019-12-03,Indianapolis Colts,Jacksonville Jaguars,27,28,30,10,1,1
450,2019-12-03,Houston Texans,Tennessee Titans,9,17,24,13,1,1
451,2019-12-03,Cleveland Browns,Los Angeles Chargers,31,22,19,10,1,1
452,2019-12-03,Carolina Panthers,New Orleans Saints,18,30,31,21,1,1
453,2019-12-03,New York Giants,Oakland Raiders,11,6,24,17,1,1
454,2019-12-03,Los Angeles Rams,Arizona Cardinals,21,20,16,32,1,1
455,2019-12-03,Philadelphia Eagles,Seattle Seahawks,8,10,24,10,1,1
456,2019-12-04,Pittsburgh Steelers,Cincinnati Bengals,14,7,20,23,1,1
457,2019-12-07,New Orleans Saints,Atlanta Falcons,30,23,20,17,1,1
458,2019-12-10,San Francisco 49ers,Houston Texans,15,9,16,26,1,1
459,2019-12-10,Indianapolis Colts,Buffalo Bills,27,24,13,7,1,1
460,2019-12-10,Oakland Raiders,Kansas City Chiefs,6,3,26,15,1,1
461,2019-12-10,Green Bay Packers,Cleveland Browns,1,31,21,27,1,1
462,2019-12-10,Detroit Lions,Tampa Bay Buccaneers,12,4,21,24,1,1
463,2019-12-10,Chicago Bears,Cincinnati Bengals,29,7,7,33,1,1
464,2019-12-10,Minnesota Vikings,Carolina Panthers,5,18,31,24,1,1
465,2019-12-10,Dallas Cowboys,New York Giants,19,11,10,30,1,1
466,2019-12-10,New York Jets,Denver Broncos,16,0,23,0,1,1
467,2019-12-10,Washington Redskins,Los Angeles Chargers,26,22,30,13,1,1
468,2019-12-10,Tennessee Titans,Arizona Cardinals,17,20,12,7,1,1
469,2019-12-10,Philadelphia Eagles,Los Angeles Rams,8,21,35,43,1,1
470,2019-12-10,Seattle Seahawks,Jacksonville Jaguars,10,28,30,24,1,1
471,2019-12-10,Baltimore Ravens,Pittsburgh Steelers,2,14,39,38,1,1
472,2019-12-11,New England Patriots,Miami Dolphins,13,25,27,20,1,1
473,2019-12-14,Denver Broncos,Indianapolis Colts,0,27,13,25,1,1
474,2019-12-16,Chicago Bears,Detroit Lions,29,12,20,10,1,1
475,2019-12-16,Los Angeles Chargers,Kansas City Chiefs,22,3,30,13,1,1
476,2019-12-17,Arizona Cardinals,Washington Redskins,20,26,20,15,1,1
477,2019-12-17,Houston Texans,Jacksonville Jaguars,9,28,45,7,1,1
478,2019-12-17,Miami Dolphins,Buffalo Bills,25,24,24,16,1,1
479,2019-12-17,Baltimore Ravens,Cleveland Browns,2,31,10,27,1,1
480,2019-12-17,New York Jets,New Orleans Saints,16,30,31,19,1,1
481,2019-12-17,Cincinnati Bengals,Minnesota Vikings,7,5,34,7,1,1
482,2019-12-17,Philadelphia Eagles,New York Giants,8,11,29,34,1,1
483,2019-12-17,Green Bay Packers,Carolina Panthers,1,18,31,24,1,1
484,2019-12-17,Los Angeles Rams,Seattle Seahawks,21,10,7,42,1,1
485,2019-12-17,Tennessee Titans,San Francisco 49ers,17,15,25,23,1,1
486,2019-12-17,New England Patriots,Pittsburgh Steelers,13,14,24,27,1,1
487,2019-12-17,Dallas Cowboys,Oakland Raiders,19,6,17,20,1,1
488,2019-12-18,Atlanta Falcons,Tampa Bay Buccaneers,23,4,21,24,1,1
489,2019-12-23,Indianapolis Colts,Baltimore Ravens,27,2,23,16,1,1
490,2019-12-23,Minnesota Vikings,Green Bay Packers,5,1,0,16,1,1
491,2019-12-24,Cleveland Browns,Chicago Bears,31,29,20,3,1,1
492,2019-12-24,Atlanta Falcons,New Orleans Saints,23,30,23,13,1,1
493,2019-12-24,Tampa Bay Buccaneers,Carolina Panthers,4,18,22,19,1,1
494,2019-12-24,Los Angeles Rams,Tennessee Titans,21,17,23,27,1,1
495,2019-12-24,Los Angeles Chargers,New York Jets,22,16,7,14,1,1
496,2019-12-24,Denver Broncos,Washington Redskins,0,26,27,11,1,1
497,2019-12-24,Buffalo Bills,New England Patriots,24,13,37,16,1,1
498,2019-12-24,Miami Dolphins,Kansas City Chiefs,25,3,29,13,1,1
499,2019-12-24,Detroit Lions,Cincinnati Bengals,12,7,26,17,1,1
500,2019-12-24,Jacksonville Jaguars,San Francisco 49ers,28,15,44,33,1,1
501,2019-12-24,Seattle Seahawks,Dallas Cowboys,10,19,12,21,1,1
502,2019-12-24,New York Giants,Arizona Cardinals,11,20,23,0,1,1
503,2019-12-25,Pittsburgh Steelers,Houston Texans,14,9,6,34,1,1
504,2019-12-25,Oakland Raiders,Philadelphia Eagles,6,8,19,10,1,1
505,2019-12-31,Chicago Bears,Minnesota Vikings,29,5,23,10,1,1
506,2019-12-31,Houston Texans,Indianapolis Colts,9,27,22,13,1,1
507,2019-12-31,New York Jets,New England Patriots,16,13,26,6,1,1
508,2019-12-31,Green Bay Packers,Detroit Lions,1,12,35,11,1,1
509,2019-12-31,Dallas Cowboys,Philadelphia Eagles,19,8,0,6,1,1
510,2019-12-31,Cleveland Browns,Pittsburgh Steelers,31,14,28,24,1,1
511,2019-12-31,Washington Redskins,New York Giants,26,11,18,10,1,1
512,2019-12-31,Kansas City Chiefs,Denver Broncos,3,0,24,27,1,1
513,2019-12-31,Oakland Raiders,Los Angeles Chargers,6,22,30,10,1,1
514,2019-12-31,Buffalo Bills,Miami Dolphins,24,25,16,22,1,1
515,2019-12-31,Jacksonville Jaguars,Tennessee Titans,28,17,15,10,1,1
516,2019-12-31,Cincinnati Bengals,Baltimore Ravens,7,2,27,31,1,1
517,2019-12-31,Carolina Panthers,Atlanta Falcons,18,23,22,10,1,1
518,2019-12-31,San Francisco 49ers,Los Angeles Rams,15,21,13,34,1,1
519,2019-12-31,Arizona Cardinals,Seattle Seahawks,20,10,24,26,1,1
520,2019-12-31,New Orleans Saints,Tampa Bay Buccaneers,30,4,31,24,1,1
521,2019-01-06,Atlanta Falcons,Los Angeles Rams,23,21,13,26,1,0
522,2019-01-07,Buffalo Bills,Jacksonville Jaguars,24,28,10,3,1,0
523,2019-01-07,Carolina Panthers,New Orleans Saints,18,30,31,26,1,0
524,2019-01-13,Atlanta Falcons,Philadelphia Eagles,23,8,15,10,1,0
525,2019-01-13,Tennessee Titans,New England Patriots,17,13,35,14,1,0
526,2019-01-14,Jacksonville Jaguars,Pittsburgh Steelers,28,14,42,45,1,0
527,2019-01-14,New Orleans Saints,Minnesota Vikings,30,5,29,24,1,0
528,2019-01-21,Jacksonville Jaguars,New England Patriots,28,13,24,20,1,0
529,2019-01-21,Minnesota Vikings,Philadelphia Eagles,5,8,38,7,1,0
530,2019-09-06,Atlanta Falcons,Philadelphia Eagles,23,8,18,12,2,1
531,2019-09-09,Tampa Bay Buccaneers,New Orleans Saints,4,30,40,48,2,1
532,2019-09-09,San Francisco 49ers,Minnesota Vikings,15,5,24,16,2,1
533,2019-09-09,Tennessee Titans,Miami Dolphins,17,25,27,20,2,1
534,2019-09-09,Jacksonville Jaguars,New York Giants,28,11,15,20,2,1
535,2019-09-09,Pittsburgh Steelers,Cleveland Browns,14,31,21,21,2,1
536,2019-09-09,Houston Texans,New England Patriots,9,13,27,20,2,1
537,2019-09-09,Cincinnati Bengals,Indianapolis Colts,7,27,23,34,2,1
538,2019-09-09,Buffalo Bills,Baltimore Ravens,24,2,47,3,2,1
539,2019-09-09,Kansas City Chiefs,Los Angeles Chargers,3,22,28,38,2,1
540,2019-09-09,Dallas Cowboys,Carolina Panthers,19,18,16,8,2,1
541,2019-09-09,Washington Redskins,Arizona Cardinals,26,20,6,24,2,1
542,2019-09-09,Seattle Seahawks,Denver Broncos,10,0,27,24,2,1
543,2019-09-09,Chicago Bears,Green Bay Packers,29,1,24,23,2,1
544,2019-09-10,New York Jets,Detroit Lions,16,12,17,48,2,1
545,2019-09-10,Los Angeles Rams,Oakland Raiders,21,6,13,33,2,1
546,2019-09-13,Baltimore Ravens,Cincinnati Bengals,2,7,34,23,2,1
547,2019-09-16,Minnesota Vikings,Green Bay Packers,5,1,29,29,2,1
548,2019-09-16,Philadelphia Eagles,Tampa Bay Buccaneers,8,4,27,21,2,1
549,2019-09-16,Carolina Panthers,Atlanta Falcons,18,23,31,24,2,1
550,2019-09-16,Kansas City Chiefs,Pittsburgh Steelers,3,14,37,42,2,1
551,2019-09-16,Miami Dolphins,New York Jets,25,16,12,20,2,1
552,2019-09-16,Cleveland Browns,New Orleans Saints,31,30,21,18,2,1
553,2019-09-16,Houston Texans,Tennessee Titans,9,17,20,17,2,1
554,2019-09-16,Indianapolis Colts,Washington Redskins,27,26,9,21,2,1
555,2019-09-16,Los Angeles Chargers,Buffalo Bills,22,24,20,31,2,1
556,2019-09-16,Detroit Lions,San Francisco 49ers,12,15,30,27,2,1
557,2019-09-16,Arizona Cardinals,Los Angeles Rams,20,21,34,0,2,1
558,2019-09-16,New England Patriots,Jacksonville Jaguars,13,28,31,20,2,1
559,2019-09-16,Oakland Raiders,Denver Broncos,6,0,20,19,2,1
560,2019-09-16,New York Giants,Dallas Cowboys,11,19,20,13,2,1
561,2019-09-17,Seattle Seahawks,Chicago Bears,10,29,24,17,2,1
562,2019-09-20,New York Jets,Cleveland Browns,16,31,21,17,2,1
563,2019-09-23,New York Giants,Houston Texans,11,9,22,27,2,1
564,2019-09-23,Denver Broncos,Baltimore Ravens,0,2,27,14,2,1
565,2019-09-23,Indianapolis Colts,Philadelphia Eagles,27,8,20,16,2,1
566,2019-09-23,Buffalo Bills,Minnesota Vikings,24,5,6,27,2,1
567,2019-09-23,Green Bay Packers,Washington Redskins,1,26,31,17,2,1
568,2019-09-23,Cincinnati Bengals,Carolina Panthers,7,18,31,21,2,1
569,2019-09-23,New Orleans Saints,Atlanta Falcons,30,23,37,43,2,1
570,2019-09-23,San Francisco 49ers,Kansas City Chiefs,15,3,38,27,2,1
571,2019-09-23,Oakland Raiders,Miami Dolphins,6,25,28,20,2,1
572,2019-09-23,Tennessee Titans,Jacksonville Jaguars,17,28,6,9,2,1
573,2019-09-23,Los Angeles Chargers,Los Angeles Rams,22,21,35,23,2,1
574,2019-09-23,Dallas Cowboys,Seattle Seahawks,19,10,24,13,2,1
575,2019-09-23,Chicago Bears,Arizona Cardinals,29,20,14,16,2,1
576,2019-09-23,New England Patriots,Detroit Lions,13,12,26,10,2,1
577,2019-09-24,Pittsburgh Steelers,Tampa Bay Buccaneers,14,4,27,30,2,1
578,2019-09-27,Minnesota Vikings,Los Angeles Rams,5,21,38,31,2,1
579,2019-09-30,Miami Dolphins,New England Patriots,25,13,38,7,2,1
580,2019-09-30,New York Jets,Jacksonville Jaguars,16,28,31,12,2,1
581,2019-09-30,Houston Texans,Indianapolis Colts,9,27,34,37,2,1
582,2019-09-30,Buffalo Bills,Green Bay Packers,24,1,22,0,2,1
583,2019-09-30,Detroit Lions,Dallas Cowboys,12,19,26,24,2,1
584,2019-09-30,Tampa Bay Buccaneers,Chicago Bears,4,29,48,10,2,1
585,2019-09-30,Philadelphia Eagles,Tennessee Titans,8,17,26,23,2,1
586,2019-09-30,Cincinnati Bengals,Atlanta Falcons,7,23,36,37,2,1
587,2019-09-30,Cleveland Browns,Oakland Raiders,31,6,45,42,2,1
588,2019-09-30,Seattle Seahawks,Arizona Cardinals,10,20,17,20,2,1
589,2019-09-30,New Orleans Saints,New York Giants,30,11,18,33,2,1
590,2019-09-30,San Francisco 49ers,Los Angeles Chargers,15,22,29,27,2,1
591,2019-09-30,Baltimore Ravens,Pittsburgh Steelers,2,14,14,26,2,1
592,2019-10-01,Kansas City Chiefs,Denver Broncos,3,0,23,27,2,1
593,2019-10-04,Indianapolis Colts,New England Patriots,27,13,38,24,2,1
594,2019-10-07,New York Giants,Carolina Panthers,11,18,33,31,2,1
595,2019-10-07,Green Bay Packers,Detroit Lions,1,12,31,23,2,1
596,2019-10-07,Miami Dolphins,Cincinnati Bengals,25,7,27,17,2,1
597,2019-10-07,Atlanta Falcons,Pittsburgh Steelers,23,14,41,17,2,1
598,2019-10-07,Jacksonville Jaguars,Kansas City Chiefs,28,3,30,14,2,1
599,2019-10-07,Baltimore Ravens,Cleveland Browns,2,31,12,9,2,1
600,2019-10-07,Denver Broncos,New York Jets,0,16,34,16,2,1
601,2019-10-07,Tennessee Titans,Buffalo Bills,17,24,13,12,2,1
602,2019-10-07,Oakland Raiders,Los Angeles Chargers,6,22,26,10,2,1
603,2019-10-07,Arizona Cardinals,San Francisco 49ers,20,15,18,28,2,1
604,2019-10-07,Los Angeles Rams,Seattle Seahawks,21,10,31,33,2,1
605,2019-10-07,Minnesota Vikings,Philadelphia Eagles,5,8,21,23,2,1
606,2019-10-07,Dallas Cowboys,Houston Texans,19,9,19,16,2,1
607,2019-10-08,Washington Redskins,New Orleans Saints,26,30,43,19,2,1
608,2019-10-11,Philadelphia Eagles,New York Giants,8,11,13,34,2,1
609,2019-10-14,Chicago Bears,Miami Dolphins,29,25,31,28,2,1
610,2019-10-14,Carolina Panthers,Washington Redskins,18,26,23,17,2,1
611,2019-10-14,Indianapolis Colts,New York Jets,27,16,42,34,2,1
612,2019-10-14,Buffalo Bills,Houston Texans,24,9,20,13,2,1
613,2019-10-14,Seattle Seahawks,Oakland Raiders,10,6,3,27,2,1
614,2019-10-14,Pittsburgh Steelers,Cincinnati Bengals,14,7,21,28,2,1
615,2019-10-14,Arizona Cardinals,Minnesota Vikings,20,5,27,17,2,1
616,2019-10-14,Tampa Bay Buccaneers,Atlanta Falcons,4,23,34,29,2,1
617,2019-10-14,Los Angeles Chargers,Cleveland Browns,22,31,14,38,2,1
618,2019-10-14,Los Angeles Rams,Denver Broncos,21,0,20,23,2,1
619,2019-10-14,Baltimore Ravens,Tennessee Titans,2,17,0,21,2,1
620,2019-10-14,Jacksonville Jaguars,Dallas Cowboys,28,19,40,7,2,1
621,2019-10-14,Kansas City Chiefs,New England Patriots,3,13,43,40,2,1
622,2019-10-15,San Francisco 49ers,Green Bay Packers,15,1,33,30,2,1
623,2019-10-18,Denver Broncos,Arizona Cardinals,0,20,10,45,2,1
624,2019-10-21,Tennessee Titans,Los Angeles Chargers,17,22,20,19,2,1
625,2019-10-21,Carolina Panthers,Philadelphia Eagles,18,8,17,21,2,1
626,2019-10-21,Detroit Lions,Miami Dolphins,12,25,21,32,2,1
627,2019-10-21,New England Patriots,Chicago Bears,13,29,31,38,2,1
628,2019-10-21,Minnesota Vikings,New York Jets,5,16,17,37,2,1
629,2019-10-21,Cleveland Browns,Tampa Bay Buccaneers,31,4,26,23,2,1
630,2019-10-21,Buffalo Bills,Indianapolis Colts,24,27,37,5,2,1
631,2019-10-21,Houston Texans,Jacksonville Jaguars,9,28,7,20,2,1
632,2019-10-21,New Orleans Saints,Baltimore Ravens,30,2,23,24,2,1
633,2019-10-21,Dallas Cowboys,Washington Redskins,19,26,20,17,2,1
634,2019-10-21,Los Angeles Rams,San Francisco 49ers,21,15,10,39,2,1
635,2019-10-21,Cincinnati Bengals,Kansas City Chiefs,7,3,45,10,2,1
636,2019-10-22,New York Giants,Atlanta Falcons,11,23,23,20,2,1
637,2019-10-25,Miami Dolphins,Houston Texans,25,9,42,23,2,1
638,2019-10-28,Philadelphia Eagles,Jacksonville Jaguars,8,28,18,24,2,1
639,2019-10-28,Baltimore Ravens,Carolina Panthers,2,18,36,21,2,1
640,2019-10-28,Seattle Seahawks,Detroit Lions,10,12,14,28,2,1
641,2019-10-28,New York Jets,Chicago Bears,16,29,24,10,2,1
642,2019-10-28,Denver Broncos,Kansas City Chiefs,0,3,30,23,2,1
643,2019-10-28,Cleveland Browns,Pittsburgh Steelers,31,14,33,18,2,1
644,2019-10-28,Tampa Bay Buccaneers,Cincinnati Bengals,4,7,37,34,2,1
645,2019-10-28,Washington Redskins,New York Giants,26,11,13,20,2,1
646,2019-10-28,Indianapolis Colts,Oakland Raiders,27,6,28,42,2,1
647,2019-10-28,Green Bay Packers,Los Angeles Rams,1,21,29,27,2,1
648,2019-10-28,San Francisco 49ers,Arizona Cardinals,15,20,18,15,2,1
649,2019-10-28,New Orleans Saints,Minnesota Vikings,30,5,20,30,2,1
650,2019-10-29,New England Patriots,Buffalo Bills,13,24,6,25,2,1
651,2019-11-01,Oakland Raiders,San Francisco 49ers,6,15,34,3,2,1
652,2019-11-04,Atlanta Falcons,Washington Redskins,23,26,14,38,2,1
653,2019-11-04,Pittsburgh Steelers,Baltimore Ravens,14,2,16,23,2,1
654,2019-11-04,Tampa Bay Buccaneers,Carolina Panthers,4,18,42,28,2,1
655,2019-11-04,Detroit Lions,Minnesota Vikings,12,5,24,9,2,1
656,2019-11-04,New York Jets,Miami Dolphins,16,25,13,6,2,1
657,2019-11-04,Kansas City Chiefs,Cleveland Browns,3,31,21,37,2,1
658,2019-11-04,Chicago Bears,Buffalo Bills,29,24,9,41,2,1
659,2019-11-04,Los Angeles Chargers,Seattle Seahawks,22,10,17,25,2,1
660,2019-11-04,Houston Texans,Denver Broncos,9,0,17,19,2,1
661,2019-11-04,Los Angeles Rams,New Orleans Saints,21,30,45,35,2,1
662,2019-11-04,Green Bay Packers,New England Patriots,1,13,31,17,2,1
663,2019-11-05,Tennessee Titans,Dallas Cowboys,17,19,14,28,2,1
664,2019-11-08,Carolina Panthers,Pittsburgh Steelers,18,14,52,21,2,1
665,2019-11-11,Detroit Lions,Chicago Bears,12,29,34,22,2,1
666,2019-11-11,New Orleans Saints,Cincinnati Bengals,30,7,14,51,2,1
667,2019-11-11,Arizona Cardinals,Kansas City Chiefs,20,3,26,14,2,1
668,2019-11-11,Atlanta Falcons,Cleveland Browns,23,31,28,16,2,1
669,2019-11-11,Jacksonville Jaguars,Indianapolis Colts,28,27,29,26,2,1
670,2019-11-11,Washington Redskins,Tampa Bay Buccaneers,26,4,3,16,2,1
671,2019-11-11,New England Patriots,Tennessee Titans,13,17,34,10,2,1
672,2019-11-11,Buffalo Bills,New York Jets,24,16,10,41,2,1
673,2019-11-11,Los Angeles Chargers,Oakland Raiders,22,6,6,20,2,1
674,2019-11-11,Miami Dolphins,Green Bay Packers,25,1,31,12,2,1
675,2019-11-11,Seattle Seahawks,Los Angeles Rams,10,21,36,31,2,1
676,2019-11-11,Dallas Cowboys,Philadelphia Eagles,19,8,20,27,2,1
677,2019-11-12,New York Giants,San Francisco 49ers,11,15,23,27,2,1
678,2019-11-15,Green Bay Packers,Seattle Seahawks,1,10,27,24,2,1
679,2019-11-18,Pittsburgh Steelers,Jacksonville Jaguars,14,28,16,20,2,1
680,2019-11-18,Carolina Panthers,Detroit Lions,18,12,20,19,2,1
681,2019-11-18,Cincinnati Bengals,Baltimore Ravens,7,2,24,21,2,1
682,2019-11-18,Tampa Bay Buccaneers,New York Giants,4,11,38,35,2,1
683,2019-11-18,Dallas Cowboys,Atlanta Falcons,19,23,19,22,2,1
684,2019-11-18,Tennessee Titans,Indianapolis Colts,17,27,38,10,2,1
685,2019-11-18,Houston Texans,Washington Redskins,9,26,21,23,2,1
686,2019-11-18,Oakland Raiders,Arizona Cardinals,6,20,21,23,2,1
687,2019-11-18,Denver Broncos,Los Angeles Chargers,0,22,22,23,2,1
688,2019-11-18,Philadelphia Eagles,New Orleans Saints,8,30,48,7,2,1
689,2019-11-18,Minnesota Vikings,Chicago Bears,5,29,25,20,2,1
690,2019-11-19,Kansas City Chiefs,Los Angeles Rams,3,21,54,51,2,1
691,2019-11-22,Chicago Bears,Detroit Lions,29,12,16,23,2,1
692,2019-11-22,Washington Redskins,Dallas Cowboys,26,19,31,23,2,1
693,2019-11-22,Atlanta Falcons,New Orleans Saints,23,30,31,17,2,1
694,2019-11-25,Oakland Raiders,Baltimore Ravens,6,2,34,17,2,1
695,2019-11-25,New England Patriots,New York Jets,13,16,13,27,2,1
696,2019-11-25,Jacksonville Jaguars,Buffalo Bills,28,24,24,21,2,1
697,2019-11-25,San Francisco 49ers,Tampa Bay Buccaneers,15,4,27,9,2,1
698,2019-11-25,Seattle Seahawks,Carolina Panthers,10,18,27,30,2,1
699,2019-11-25,Cleveland Browns,Cincinnati Bengals,31,7,20,35,2,1
700,2019-11-25,New York Giants,Philadelphia Eagles,11,8,25,22,2,1
701,2019-11-25,Arizona Cardinals,Los Angeles Chargers,20,22,45,10,2,1
702,2019-11-25,Pittsburgh Steelers,Denver Broncos,14,0,24,17,2,1
703,2019-11-25,Miami Dolphins,Indianapolis Colts,25,27,27,24,2,1
704,2019-11-25,Green Bay Packers,Minnesota Vikings,1,5,24,17,2,1
705,2019-11-26,Tennessee Titans,Houston Texans,17,9,34,17,2,1
706,2019-11-29,New Orleans Saints,Dallas Cowboys,30,19,13,10,2,1
707,2019-12-02,Cleveland Browns,Houston Texans,31,9,29,13,2,1
708,2019-12-02,Denver Broncos,Cincinnati Bengals,0,7,10,24,2,1
709,2019-12-02,Los Angeles Rams,Detroit Lions,21,12,16,30,2,1
710,2019-12-02,Arizona Cardinals,Green Bay Packers,20,1,17,20,2,1
711,2019-12-02,Baltimore Ravens,Atlanta Falcons,2,23,16,26,2,1
712,2019-12-02,Indianapolis Colts,Jacksonville Jaguars,27,28,6,0,2,1
713,2019-12-02,Buffalo Bills,Miami Dolphins,24,25,21,17,2,1
714,2019-12-02,Chicago Bears,New York Giants,29,11,30,27,2,1
715,2019-12-02,Carolina Panthers,Tampa Bay Buccaneers,18,4,24,17,2,1
716,2019-12-02,Kansas City Chiefs,Oakland Raiders,3,6,33,40,2,1
717,2019-12-02,New York Jets,Tennessee Titans,16,17,26,22,2,1
718,2019-12-02,San Francisco 49ers,Seattle Seahawks,15,10,43,16,2,1
719,2019-12-02,Minnesota Vikings,New England Patriots,5,13,24,10,2,1
720,2019-12-02,Los Angeles Chargers,Pittsburgh Steelers,22,14,30,33,2,1
721,2019-12-03,Washington Redskins,Philadelphia Eagles,26,8,28,13,2,1
722,2019-12-06,Jacksonville Jaguars,Tennessee Titans,28,17,30,9,2,1
723,2019-12-09,New York Jets,Buffalo Bills,16,24,23,27,2,1
724,2019-12-09,New York Giants,Washington Redskins,11,26,16,40,2,1
725,2019-12-09,Carolina Panthers,Cleveland Browns,18,31,26,20,2,1
726,2019-12-09,Atlanta Falcons,Green Bay Packers,23,1,34,20,2,1
727,2019-12-09,New England Patriots,Miami Dolphins,13,25,34,33,2,1
728,2019-12-09,Indianapolis Colts,Houston Texans,27,9,21,24,2,1
729,2019-12-09,Baltimore Ravens,Kansas City Chiefs,2,3,27,24,2,1
730,2019-12-09,New Orleans Saints,Tampa Bay Buccaneers,30,4,14,28,2,1
731,2019-12-09,Denver Broncos,San Francisco 49ers,0,15,20,14,2,1
732,2019-12-09,Cincinnati Bengals,Los Angeles Chargers,7,22,26,21,2,1
733,2019-12-09,Philadelphia Eagles,Dallas Cowboys,8,19,29,23,2,1
734,2019-12-09,Pittsburgh Steelers,Oakland Raiders,14,6,24,21,2,1
735,2019-12-09,Detroit Lions,Arizona Cardinals,12,20,3,17,2,1
736,2019-12-09,Los Angeles Rams,Chicago Bears,21,29,15,6,2,1
737,2019-12-10,Minnesota Vikings,Seattle Seahawks,5,10,21,7,2,1
738,2019-12-13,Los Angeles Chargers,Kansas City Chiefs,22,3,28,29,2,1
739,2019-12-15,Houston Texans,New York Jets,9,16,22,29,2,1
740,2019-12-15,Cleveland Browns,Denver Broncos,31,0,16,17,2,1
741,2019-12-16,Detroit Lions,Buffalo Bills,12,24,14,13,2,1
742,2019-12-16,Tennessee Titans,New York Giants,17,11,0,17,2,1
743,2019-12-16,Green Bay Packers,Chicago Bears,1,29,24,17,2,1
744,2019-12-16,Washington Redskins,Jacksonville Jaguars,26,28,13,16,2,1
745,2019-12-16,Oakland Raiders,Cincinnati Bengals,6,7,30,16,2,1
746,2019-12-16,Tampa Bay Buccaneers,Baltimore Ravens,4,2,20,12,2,1
747,2019-12-16,Arizona Cardinals,Atlanta Falcons,20,23,40,14,2,1
748,2019-12-16,Miami Dolphins,Minnesota Vikings,25,5,41,17,2,1
749,2019-12-16,Dallas Cowboys,Indianapolis Colts,19,27,23,0,2,1
750,2019-12-16,Seattle Seahawks,San Francisco 49ers,10,15,26,23,2,1
751,2019-12-16,New England Patriots,Pittsburgh Steelers,13,14,17,10,2,1
752,2019-12-16,Philadelphia Eagles,Los Angeles Rams,8,21,23,30,2,1
753,2019-12-17,New Orleans Saints,Carolina Panthers,30,18,9,12,2,1
754,2019-12-22,Washington Redskins,Tennessee Titans,26,17,25,16,2,1
755,2019-12-22,Baltimore Ravens,Los Angeles Chargers,2,22,10,22,2,1
756,2019-12-23,Atlanta Falcons,Carolina Panthers,23,18,10,24,2,1
757,2019-12-23,Green Bay Packers,New York Jets,1,16,38,44,2,1
758,2019-12-23,New York Giants,Indianapolis Colts,11,27,28,27,2,1
759,2019-12-23,Tampa Bay Buccaneers,Dallas Cowboys,4,19,27,20,2,1
760,2019-12-23,Minnesota Vikings,Detroit Lions,5,12,9,27,2,1
761,2019-12-23,Buffalo Bills,New England Patriots,24,13,24,12,2,1
762,2019-12-23,Houston Texans,Philadelphia Eagles,9,8,32,30,2,1
763,2019-12-23,Jacksonville Jaguars,Miami Dolphins,28,25,7,17,2,1
764,2019-12-23,Cincinnati Bengals,Cleveland Browns,7,31,26,18,2,1
765,2019-12-23,Chicago Bears,San Francisco 49ers,29,15,9,14,2,1
766,2019-12-23,Los Angeles Rams,Arizona Cardinals,21,20,9,31,2,1
767,2019-12-23,Pittsburgh Steelers,New Orleans Saints,14,30,31,28,2,1
768,2019-12-23,Kansas City Chiefs,Seattle Seahawks,3,10,38,31,2,1
769,2019-12-24,Denver Broncos,Oakland Raiders,0,6,27,14,2,1
770,2019-12-30,Jacksonville Jaguars,Houston Texans,28,9,20,3,2,1
771,2019-12-30,Atlanta Falcons,Tampa Bay Buccaneers,23,4,32,34,2,1
772,2019-12-30,Dallas Cowboys,New York Giants,19,11,35,36,2,1
773,2019-12-30,Detroit Lions,Green Bay Packers,12,1,0,31,2,1
774,2019-12-30,Carolina Panthers,New Orleans Saints,18,30,14,33,2,1
775,2019-12-30,Miami Dolphins,Buffalo Bills,25,24,42,17,2,1
776,2019-12-30,New York Jets,New England Patriots,16,13,38,3,2,1
777,2019-12-30,Chicago Bears,Minnesota Vikings,29,5,10,24,2,1
778,2019-12-30,Arizona Cardinals,Seattle Seahawks,20,10,27,24,2,1
779,2019-12-30,Cincinnati Bengals,Pittsburgh Steelers,7,14,16,13,2,1
780,2019-12-30,San Francisco 49ers,Los Angeles Rams,15,21,48,32,2,1
781,2019-12-30,Cleveland Browns,Baltimore Ravens,31,2,26,24,2,1
782,2019-12-30,Oakland Raiders,Kansas City Chiefs,6,3,35,3,2,1
783,2019-12-30,Philadelphia Eagles,Washington Redskins,8,26,0,24,2,1
784,2019-12-30,Los Angeles Chargers,Denver Broncos,22,0,9,23,2,1
785,2019-12-30,Indianapolis Colts,Tennessee Titans,27,17,17,33,2,1
786,2019-01-05,Seattle Seahawks,Dallas Cowboys,10,19,24,22,2,0
787,2019-01-06,Los Angeles Chargers,Baltimore Ravens,22,2,17,23,2,0
788,2019-01-06,Philadelphia Eagles,Chicago Bears,8,29,15,16,2,0
789,2019-01-12,Indianapolis Colts,Kansas City Chiefs,27,3,31,13,2,0
790,2019-01-12,Dallas Cowboys,Los Angeles Rams,19,21,30,22,2,0
791,2019-01-13,Los Angeles Chargers,New England Patriots,22,13,41,28,2,0
792,2019-01-13,Philadelphia Eagles,New Orleans Saints,8,30,20,14,2,0
793,2019-01-20,Los Angeles Rams,New Orleans Saints,21,30,23,26,2,0
794,2019-01-20,New England Patriots,Kansas City Chiefs,13,3,31,37,2,0
795,2019-09-05,Green Bay Packers,Chicago Bears,1,29,3,10,3,1
796,2019-09-08,Tennessee Titans,Cleveland Browns,17,31,13,43,3,1
797,2019-09-08,Atlanta Falcons,Minnesota Vikings,23,5,28,12,3,1
798,2019-09-08,Washington Redskins,Philadelphia Eagles,26,8,32,27,3,1
799,2019-09-08,Los Angeles Rams,Carolina Panthers,21,18,27,30,3,1
800,2019-09-08,Buffalo Bills,New York Jets,24,16,16,17,3,1
801,2019-09-08,Kansas City Chiefs,Jacksonville Jaguars,3,28,26,40,3,1
802,2019-09-08,Baltimore Ravens,Miami Dolphins,2,25,10,59,3,1
803,2019-09-08,Indianapolis Colts,Los Angeles Chargers,27,22,30,24,3,1
804,2019-09-08,Cincinnati Bengals,Seattle Seahawks,7,10,21,20,3,1
805,2019-09-08,New York Giants,Dallas Cowboys,11,19,35,17,3,1
806,2019-09-08,Detroit Lions,Arizona Cardinals,12,20,27,27,3,1
807,2019-09-08,San Francisco 49ers,Tampa Bay Buccaneers,15,4,17,31,3,1
808,2019-09-08,Pittsburgh Steelers,New England Patriots,14,13,33,3,3,1
809,2019-09-09,Houston Texans,New Orleans Saints,9,30,30,28,3,1
810,2019-09-09,Denver Broncos,Oakland Raiders,0,6,24,16,3,1
811,2019-09-12,Tampa Bay Buccaneers,Carolina Panthers,4,18,14,20,3,1
812,2019-09-15,Indianapolis Colts,Tennessee Titans,27,17,17,19,3,1
813,2019-09-15,San Francisco 49ers,Cincinnati Bengals,15,7,17,41,3,1
814,2019-09-15,New England Patriots,Miami Dolphins,13,25,0,43,3,1
815,2019-09-15,Seattle Seahawks,Pittsburgh Steelers,10,14,26,28,3,1
816,2019-09-15,Dallas Cowboys,Washington Redskins,19,26,21,31,3,1
817,2019-09-15,Los Angeles Chargers,Detroit Lions,22,12,13,10,3,1
818,2019-09-15,Minnesota Vikings,Green Bay Packers,5,1,21,16,3,1
819,2019-09-15,Jacksonville Jaguars,Houston Texans,28,9,13,12,3,1
820,2019-09-15,Buffalo Bills,New York Giants,24,11,14,28,3,1
821,2019-09-15,Arizona Cardinals,Baltimore Ravens,20,2,23,17,3,1
822,2019-09-15,Kansas City Chiefs,Oakland Raiders,3,6,10,28,3,1
823,2019-09-15,New Orleans Saints,Los Angeles Rams,30,21,27,9,3,1
824,2019-09-15,Chicago Bears,Denver Broncos,29,0,14,16,3,1
825,2019-09-15,Philadelphia Eagles,Atlanta Falcons,8,23,24,20,3,1
826,2019-09-16,Cleveland Browns,New York Jets,31,16,3,23,3,1
827,2019-09-19,Tennessee Titans,Jacksonville Jaguars,17,28,20,7,3,1
828,2019-09-22,New York Jets,New England Patriots,16,13,30,14,3,1
829,2019-09-22,Cincinnati Bengals,Buffalo Bills,7,24,21,17,3,1
830,2019-09-22,Denver Broncos,Green Bay Packers,0,1,27,16,3,1
831,2019-09-22,Baltimore Ravens,Kansas City Chiefs,2,3,33,28,3,1
832,2019-09-22,Miami Dolphins,Dallas Cowboys,25,19,31,6,3,1
833,2019-09-22,Detroit Lions,Philadelphia Eagles,12,8,24,27,3,1
834,2019-09-22,Atlanta Falcons,Indianapolis Colts,23,27,27,24,3,1
835,2019-09-22,Oakland Raiders,Minnesota Vikings,6,5,34,14,3,1
836,2019-09-22,Carolina Panthers,Arizona Cardinals,18,20,20,38,3,1
837,2019-09-22,New York Giants,Tampa Bay Buccaneers,11,4,31,32,3,1
838,2019-09-22,Houston Texans,Los Angeles Chargers,9,22,20,27,3,1
839,2019-09-22,New Orleans Saints,Seattle Seahawks,30,10,27,33,3,1
840,2019-09-22,Pittsburgh Steelers,San Francisco 49ers,14,15,24,20,3,1
841,2019-09-22,Los Angeles Rams,Cleveland Browns,21,31,13,20,3,1
842,2019-09-23,Chicago Bears,Washington Redskins,29,26,15,31,3,1
843,2019-09-26,Philadelphia Eagles,Green Bay Packers,8,1,27,34,3,1
844,2019-09-29,Carolina Panthers,Houston Texans,18,9,10,16,3,1
845,2019-09-29,Washington Redskins,New York Giants,26,11,24,3,3,1
846,2019-09-29,Oakland Raiders,Indianapolis Colts,6,27,24,31,3,1
847,2019-09-29,New England Patriots,Buffalo Bills,13,24,10,16,3,1
848,2019-09-29,Los Angeles Chargers,Miami Dolphins,22,25,10,30,3,1
849,2019-09-29,Cleveland Browns,Baltimore Ravens,31,2,25,40,3,1
850,2019-09-29,Kansas City Chiefs,Detroit Lions,3,12,30,34,3,1
851,2019-09-29,Tennessee Titans,Atlanta Falcons,17,23,10,24,3,1
852,2019-09-29,Seattle Seahawks,Arizona Cardinals,10,20,10,27,3,1
853,2019-09-29,Tampa Bay Buccaneers,Los Angeles Rams,4,21,40,55,3,1
854,2019-09-29,Minnesota Vikings,Chicago Bears,5,29,16,6,3,1
855,2019-09-29,Jacksonville Jaguars,Denver Broncos,28,0,24,26,3,1
856,2019-09-29,Dallas Cowboys,New Orleans Saints,19,30,12,10,3,1
857,2019-09-30,Cincinnati Bengals,Pittsburgh Steelers,7,14,27,3,3,1
858,2019-10-03,Los Angeles Rams,Seattle Seahawks,21,10,30,29,3,1
859,2019-10-06,New York Jets,Philadelphia Eagles,16,8,31,6,3,1
860,2019-10-06,Minnesota Vikings,New York Giants,5,11,10,28,3,1
861,2019-10-06,Atlanta Falcons,Houston Texans,23,9,53,32,3,1
862,2019-10-06,New England Patriots,Washington Redskins,13,26,7,33,3,1
863,2019-10-06,Chicago Bears,Oakland Raiders,29,6,24,21,3,1
864,2019-10-06,Jacksonville Jaguars,Carolina Panthers,28,18,34,27,3,1
865,2019-10-06,Tampa Bay Buccaneers,New Orleans Saints,4,30,31,24,3,1
866,2019-10-06,Arizona Cardinals,Cincinnati Bengals,20,7,23,26,3,1
867,2019-10-06,Buffalo Bills,Tennessee Titans,24,17,7,14,3,1
868,2019-10-06,Baltimore Ravens,Pittsburgh Steelers,2,14,23,26,3,1
869,2019-10-06,Denver Broncos,Los Angeles Chargers,0,22,13,20,3,1
870,2019-10-06,Green Bay Packers,Dallas Cowboys,1,19,24,34,3,1
871,2019-10-06,Indianapolis Colts,Kansas City Chiefs,27,3,13,19,3,1
872,2019-10-07,Cleveland Browns,San Francisco 49ers,31,15,31,3,3,1
873,2019-10-10,New York Giants,New England Patriots,11,13,35,14,3,1
874,2019-10-13,Carolina Panthers,Tampa Bay Buccaneers,18,4,26,37,3,1
875,2019-10-13,Washington Redskins,Miami Dolphins,26,25,16,17,3,1
876,2019-10-13,Philadelphia Eagles,Minnesota Vikings,8,5,38,20,3,1
877,2019-10-13,Houston Texans,Kansas City Chiefs,9,3,24,31,3,1
878,2019-10-13,Seattle Seahawks,Cleveland Browns,10,31,28,32,3,1
879,2019-10-13,New Orleans Saints,Jacksonville Jaguars,30,28,6,13,3,1
880,2019-10-13,Cincinnati Bengals,Baltimore Ravens,7,2,23,17,3,1
881,2019-10-13,San Francisco 49ers,Los Angeles Rams,15,21,7,20,3,1
882,2019-10-13,Atlanta Falcons,Arizona Cardinals,23,20,34,33,3,1
883,2019-10-13,Tennessee Titans,Denver Broncos,17,0,16,0,3,1
884,2019-10-13,Dallas Cowboys,New York Jets,19,16,24,22,3,1
885,2019-10-13,Pittsburgh Steelers,Los Angeles Chargers,14,22,17,24,3,1
886,2019-10-14,Detroit Lions,Green Bay Packers,12,1,23,22,3,1
887,2019-10-17,Kansas City Chiefs,Denver Broncos,3,0,6,30,3,1
888,2019-10-20,Miami Dolphins,Buffalo Bills,25,24,31,21,3,1
889,2019-10-20,Minnesota Vikings,Detroit Lions,5,12,30,42,3,1
890,2019-10-20,Houston Texans,Indianapolis Colts,9,27,30,23,3,1
891,2019-10-20,San Francisco 49ers,Washington Redskins,15,26,0,9,3,1
892,2019-10-20,Oakland Raiders,Green Bay Packers,6,1,42,24,3,1
893,2019-10-20,Jacksonville Jaguars,Cincinnati Bengals,28,7,17,27,3,1
894,2019-10-20,Arizona Cardinals,New York Giants,20,11,21,27,3,1
895,2019-10-20,Los Angeles Rams,Atlanta Falcons,21,23,10,37,3,1
896,2019-10-20,Los Angeles Chargers,Tennessee Titans,22,17,23,20,3,1
897,2019-10-20,New Orleans Saints,Chicago Bears,30,29,25,36,3,1
898,2019-10-20,Baltimore Ravens,Seattle Seahawks,2,10,16,30,3,1
899,2019-10-20,Philadelphia Eagles,Dallas Cowboys,8,19,37,10,3,1
900,2019-10-21,New England Patriots,New York Jets,13,16,0,33,3,1
901,2019-10-24,Washington Redskins,Minnesota Vikings,26,5,19,9,3,1
902,2019-10-27,Los Angeles Chargers,Chicago Bears,22,29,16,17,3,1
903,2019-10-27,Denver Broncos,Indianapolis Colts,0,27,15,13,3,1
904,2019-10-27,Philadelphia Eagles,Buffalo Bills,8,24,13,31,3,1
905,2019-10-27,New York Giants,Detroit Lions,11,12,31,26,3,1
906,2019-10-27,Seattle Seahawks,Atlanta Falcons,10,23,20,27,3,1
907,2019-10-27,Tampa Bay Buccaneers,Tennessee Titans,4,17,27,23,3,1
908,2019-10-27,Cincinnati Bengals,Los Angeles Rams,7,21,24,10,3,1
909,2019-10-27,New York Jets,Jacksonville Jaguars,16,28,29,15,3,1
910,2019-10-27,Arizona Cardinals,New Orleans Saints,20,30,31,9,3,1
911,2019-10-27,Carolina Panthers,San Francisco 49ers,18,15,51,13,3,1
912,2019-10-27,Cleveland Browns,New England Patriots,31,13,27,13,3,1
913,2019-10-27,Oakland Raiders,Houston Texans,6,9,27,24,3,1
914,2019-10-27,Green Bay Packers,Kansas City Chiefs,1,3,24,31,3,1
915,2019-10-28,Miami Dolphins,Pittsburgh Steelers,25,14,27,14,3,1
916,2019-10-31,San Francisco 49ers,Arizona Cardinals,15,20,25,28,3,1
917,2019-11-03,Houston Texans,Jacksonville Jaguars,9,28,3,26,3,1
918,2019-11-03,Chicago Bears,Philadelphia Eagles,29,8,22,14,3,1
919,2019-11-03,Tennessee Titans,Carolina Panthers,17,18,30,20,3,1
920,2019-11-03,New York Jets,Miami Dolphins,16,25,26,18,3,1
921,2019-11-03,Indianapolis Colts,Pittsburgh Steelers,27,14,26,24,3,1
922,2019-11-03,Washington Redskins,Buffalo Bills,26,24,24,9,3,1
923,2019-11-03,Minnesota Vikings,Kansas City Chiefs,5,3,26,23,3,1
924,2019-11-03,Detroit Lions,Oakland Raiders,12,6,31,24,3,1
925,2019-11-03,Tampa Bay Buccaneers,Seattle Seahawks,4,10,40,34,3,1
926,2019-11-03,Cleveland Browns,Denver Broncos,31,0,24,19,3,1
927,2019-11-03,Green Bay Packers,Los Angeles Chargers,1,22,26,11,3,1
928,2019-11-03,New England Patriots,Baltimore Ravens,13,2,37,20,3,1
929,2019-11-04,Dallas Cowboys,New York Giants,19,11,18,37,3,1
930,2019-11-07,Los Angeles Chargers,Oakland Raiders,22,6,26,24,3,1
931,2019-11-10,Atlanta Falcons,New Orleans Saints,23,30,9,26,3,1
932,2019-11-10,Detroit Lions,Chicago Bears,12,29,20,13,3,1
933,2019-11-10,Baltimore Ravens,Cincinnati Bengals,2,7,13,49,3,1
934,2019-11-10,Buffalo Bills,Cleveland Browns,24,31,19,16,3,1
935,2019-11-10,Kansas City Chiefs,Tennessee Titans,3,17,35,32,3,1
936,2019-11-10,Arizona Cardinals,Tampa Bay Buccaneers,20,4,30,27,3,1
937,2019-11-10,New York Giants,New York Jets,11,16,34,27,3,1
938,2019-11-10,Miami Dolphins,Indianapolis Colts,25,27,12,16,3,1
939,2019-11-10,Los Angeles Rams,Pittsburgh Steelers,21,14,17,12,3,1
940,2019-11-10,Carolina Panthers,Green Bay Packers,18,1,24,16,3,1
941,2019-11-10,Minnesota Vikings,Dallas Cowboys,5,19,24,28,3,1
942,2019-11-11,Seattle Seahawks,San Francisco 49ers,10,15,24,27,3,1
943,2019-11-14,Pittsburgh Steelers,Cleveland Browns,14,31,21,7,3,1
944,2019-11-17,Buffalo Bills,Miami Dolphins,24,25,20,37,3,1
945,2019-11-17,Houston Texans,Baltimore Ravens,9,2,41,7,3,1
946,2019-11-17,Dallas Cowboys,Detroit Lions,19,12,27,35,3,1
947,2019-11-17,Atlanta Falcons,Carolina Panthers,23,18,3,29,3,1
948,2019-11-17,Denver Broncos,Minnesota Vikings,0,5,27,23,3,1
949,2019-11-17,New Orleans Saints,Tampa Bay Buccaneers,30,4,17,34,3,1
950,2019-11-17,New York Jets,Washington Redskins,16,26,17,34,3,1
951,2019-11-17,Jacksonville Jaguars,Indianapolis Colts,28,27,33,13,3,1
952,2019-11-17,Arizona Cardinals,San Francisco 49ers,20,15,36,26,3,1
953,2019-11-17,Cincinnati Bengals,Oakland Raiders,7,6,17,10,3,1
954,2019-11-17,New England Patriots,Philadelphia Eagles,13,8,10,17,3,1
955,2019-11-17,Chicago Bears,Los Angeles Rams,29,21,17,7,3,1
956,2019-11-18,Kansas City Chiefs,Los Angeles Chargers,3,22,17,24,3,1
957,2019-11-21,Indianapolis Colts,Houston Texans,27,9,20,17,3,1
958,2019-11-24,New York Giants,Chicago Bears,11,29,19,14,3,1
959,2019-11-24,Oakland Raiders,New York Jets,6,16,34,3,3,1
960,2019-11-24,Detroit Lions,Washington Redskins,12,26,19,16,3,1
961,2019-11-24,Pittsburgh Steelers,Cincinnati Bengals,14,7,10,16,3,1
962,2019-11-24,Denver Broncos,Buffalo Bills,0,24,20,3,3,1
963,2019-11-24,Seattle Seahawks,Philadelphia Eagles,10,8,9,17,3,1
964,2019-11-24,Miami Dolphins,Cleveland Browns,25,31,41,24,3,1
965,2019-11-24,Tampa Bay Buccaneers,Atlanta Falcons,4,23,22,35,3,1
966,2019-11-24,Carolina Panthers,New Orleans Saints,18,30,34,31,3,1
967,2019-11-24,Jacksonville Jaguars,Tennessee Titans,28,17,42,20,3,1
968,2019-11-24,Dallas Cowboys,New England Patriots,19,13,13,9,3,1
969,2019-11-24,Green Bay Packers,San Francisco 49ers,1,15,37,8,3,1
970,2019-11-25,Baltimore Ravens,Los Angeles Rams,2,21,6,45,3,1
971,2019-11-28,Chicago Bears,Detroit Lions,29,12,20,24,3,1
972,2019-11-28,Buffalo Bills,Dallas Cowboys,24,19,15,26,3,1
973,2019-11-28,New Orleans Saints,Atlanta Falcons,30,23,18,26,3,1
974,2019-12-01,Green Bay Packers,New York Giants,1,11,13,31,3,1
975,2019-12-01,Washington Redskins,Carolina Panthers,26,18,21,29,3,1
976,2019-12-01,Tampa Bay Buccaneers,Jacksonville Jaguars,4,28,11,28,3,1
977,2019-12-01,Tennessee Titans,Indianapolis Colts,17,27,17,31,3,1
978,2019-12-01,San Francisco 49ers,Baltimore Ravens,15,2,20,17,3,1
979,2019-12-01,Philadelphia Eagles,Miami Dolphins,8,25,37,31,3,1
980,2019-12-01,New York Jets,Cincinnati Bengals,16,7,22,6,3,1
981,2019-12-01,Cleveland Browns,Pittsburgh Steelers,31,14,20,13,3,1
982,2019-12-01,Los Angeles Rams,Arizona Cardinals,21,20,7,34,3,1
983,2019-12-01,Oakland Raiders,Kansas City Chiefs,6,3,40,9,3,1
984,2019-12-01,Los Angeles Chargers,Denver Broncos,22,0,23,20,3,1
985,2019-12-01,New England Patriots,Houston Texans,13,9,28,22,3,1
986,2019-12-02,Minnesota Vikings,Seattle Seahawks,5,10,37,30,3,1
987,2019-12-05,Dallas Cowboys,Chicago Bears,19,29,31,24,3,1
988,2019-12-08,Baltimore Ravens,Buffalo Bills,2,24,17,24,3,1
989,2019-12-08,San Francisco 49ers,New Orleans Saints,15,30,46,48,3,1
990,2019-12-08,Denver Broncos,Houston Texans,0,9,24,38,3,1
991,2019-12-08,Washington Redskins,Green Bay Packers,26,1,20,15,3,1
992,2019-12-08,Carolina Panthers,Atlanta Falcons,18,23,40,20,3,1
993,2019-12-08,Detroit Lions,Minnesota Vikings,12,5,20,7,3,1
994,2019-12-08,Indianapolis Colts,Tampa Bay Buccaneers,27,4,38,35,3,1
995,2019-12-08,Miami Dolphins,New York Jets,25,16,22,21,3,1
996,2019-12-08,Cincinnati Bengals,Cleveland Browns,7,31,27,19,3,1
997,2019-12-08,Los Angeles Chargers,Jacksonville Jaguars,22,28,10,45,3,1
998,2019-12-08,Pittsburgh Steelers,Arizona Cardinals,14,20,17,23,3,1
999,2019-12-08,Tennessee Titans,Oakland Raiders,17,6,21,42,3,1
1000,2019-12-08,Kansas City Chiefs,New England Patriots,3,13,16,23,3,1
1001,2019-12-08,Seattle Seahawks,Los Angeles Rams,10,21,28,12,3,1
1002,2019-12-09,New York Giants,Philadelphia Eagles,11,8,23,17,3,1
1003,2019-12-12,New York Jets,Baltimore Ravens,16,2,42,21,3,1
1004,2019-12-15,Chicago Bears,Green Bay Packers,29,1,21,13,3,1
1005,2019-12-15,Miami Dolphins,New York Giants,25,11,36,20,3,1
1006,2019-12-15,New England Patriots,Cincinnati Bengals,13,7,13,34,3,1
1007,2019-12-15,Seattle Seahawks,Carolina Panthers,10,18,24,30,3,1
1008,2019-12-15,Denver Broncos,Kansas City Chiefs,0,3,23,3,3,1
1009,2019-12-15,Philadelphia Eagles,Washington Redskins,8,26,27,37,3,1
1010,2019-12-15,Houston Texans,Tennessee Titans,9,17,21,24,3,1
1011,2019-12-15,Tampa Bay Buccaneers,Detroit Lions,4,12,17,38,3,1
1012,2019-12-15,Cleveland Browns,Arizona Cardinals,31,20,38,24,3,1
1013,2019-12-15,Minnesota Vikings,Los Angeles Chargers,5,22,10,39,3,1
1014,2019-12-15,Jacksonville Jaguars,Oakland Raiders,28,6,16,20,3,1
1015,2019-12-15,Los Angeles Rams,Dallas Cowboys,21,19,44,21,3,1
1016,2019-12-15,Atlanta Falcons,San Francisco 49ers,23,15,22,29,3,1
1017,2019-12-15,Buffalo Bills,Pittsburgh Steelers,24,14,10,17,3,1
1018,2019-12-16,Indianapolis Colts,New Orleans Saints,27,30,34,7,3,1
1019,2019-12-21,Houston Texans,Tampa Bay Buccaneers,9,4,20,23,3,1
1020,2019-12-21,Buffalo Bills,New England Patriots,24,13,24,17,3,1
1021,2019-12-21,Los Angeles Rams,San Francisco 49ers,21,15,34,31,3,1
1022,2019-12-22,Jacksonville Jaguars,Atlanta Falcons,28,23,24,12,3,1
1023,2019-12-22,New York Giants,Washington Redskins,11,26,35,41,3,1
1024,2019-12-22,Baltimore Ravens,Cleveland Browns,2,31,15,31,3,1
1025,2019-12-22,New Orleans Saints,Tennessee Titans,30,17,28,38,3,1
1026,2019-12-22,Cincinnati Bengals,Miami Dolphins,7,25,38,35,3,1
1027,2019-12-22,Pittsburgh Steelers,New York Jets,14,16,16,10,3,1
1028,2019-12-22,Carolina Panthers,Indianapolis Colts,18,27,38,6,3,1
1029,2019-12-22,Oakland Raiders,Los Angeles Chargers,6,22,17,24,3,1
1030,2019-12-22,Detroit Lions,Denver Broncos,12,0,27,17,3,1
1031,2019-12-22,Dallas Cowboys,Philadelphia Eagles,19,8,17,9,3,1
1032,2019-12-22,Arizona Cardinals,Seattle Seahawks,20,10,13,27,3,1
1033,2019-12-22,Kansas City Chiefs,Chicago Bears,3,29,3,26,3,1
1034,2019-12-23,Green Bay Packers,Minnesota Vikings,1,5,10,23,3,1
1035,2019-12-29,New Orleans Saints,Carolina Panthers,30,18,10,42,3,1
1036,2019-12-29,Los Angeles Chargers,Kansas City Chiefs,22,3,31,21,3,1
1037,2019-12-29,Green Bay Packers,Detroit Lions,1,12,20,23,3,1
1038,2019-12-29,Atlanta Falcons,Tampa Bay Buccaneers,23,4,22,28,3,1
1039,2019-12-29,Miami Dolphins,New England Patriots,25,13,24,27,3,1
1040,2019-12-29,Chicago Bears,Minnesota Vikings,29,5,19,21,3,1
1041,2019-12-29,Cleveland Browns,Cincinnati Bengals,31,7,33,23,3,1
1042,2019-12-29,New York Jets,Buffalo Bills,16,24,6,13,3,1
1043,2019-12-29,Oakland Raiders,Denver Broncos,6,0,16,15,3,1
1044,2019-12-29,Tennessee Titans,Houston Texans,17,9,14,35,3,1
1045,2019-12-29,Indianapolis Colts,Jacksonville Jaguars,27,28,38,20,3,1
1046,2019-12-29,Philadelphia Eagles,New York Giants,8,11,17,34,3,1
1047,2019-12-29,Washington Redskins,Dallas Cowboys,26,19,47,16,3,1
1048,2019-12-29,Pittsburgh Steelers,Baltimore Ravens,14,2,28,10,3,1
1049,2019-12-29,Arizona Cardinals,Los Angeles Rams,20,21,31,24,3,1
1050,2019-12-29,San Francisco 49ers,Seattle Seahawks,15,10,21,26,3,1
1051,2019-01-04,Tennessee Titans,New England Patriots,17,13,13,20,3,0
1052,2019-01-05,Minnesota Vikings,New Orleans Saints,5,30,20,26,3,0
1053,2019-01-05,Seattle Seahawks,Philadelphia Eagles,10,8,9,17,3,0
1054,2019-01-11,Minnesota Vikings,San Francisco 49ers,5,15,27,10,3,0
1055,2019-01-11,Tennessee Titans,Baltimore Ravens,17,2,12,28,3,0
1056,2019-01-12,Houston Texans,Kansas City Chiefs,9,3,51,31,3,0
1057,2019-01-12,Seattle Seahawks,Green Bay Packers,10,1,28,23,3,0
1058,2019-01-19,Tennessee Titans,Kansas City Chiefs,17,3,35,24,3,0
1059,2019-01-19,Green Bay Packers,San Francisco 49ers,1,15,37,20,3,0
1060,2019-09-10,Houston Texans,Kansas City Chiefs,9,3,34,20,4,1
1061,2019-09-13,Seattle Seahawks,Atlanta Falcons,10,23,25,38,4,1
1062,2019-09-13,Indianapolis Colts,Jacksonville Jaguars,27,28,27,20,4,1
1063,2019-09-13,Green Bay Packers,Minnesota Vikings,1,5,34,43,4,1
1064,2019-09-13,Cleveland Browns,Baltimore Ravens,31,2,38,6,4,1
1065,2019-09-13,New York Jets,Buffalo Bills,16,24,27,17,4,1
1066,2019-09-13,Philadelphia Eagles,Washington Football Team,8,26,27,17,4,1
1067,2019-09-13,Chicago Bears,Detroit Lions,29,12,23,27,4,1
1068,2019-09-13,Las Vegas Raiders,Carolina Panthers,6,18,30,34,4,1
1069,2019-09-13,Miami Dolphins,New England Patriots,25,13,21,11,4,1
1070,2019-09-13,Los Angeles Chargers,Cincinnati Bengals,22,7,13,16,4,1
1071,2019-09-13,Tampa Bay Buccaneers,New Orleans Saints,4,30,34,23,4,1
1072,2019-09-13,Arizona Cardinals,San Francisco 49ers,20,15,20,24,4,1
1073,2019-09-13,Dallas Cowboys,Los Angeles Rams,19,21,20,17,4,1
1074,2019-09-14,Pittsburgh Steelers,New York Giants,14,11,16,26,4,1
1075,2019-09-14,Tennessee Titans,Denver Broncos,17,0,14,16,4,1
1076,2019-09-17,Cincinnati Bengals,Cleveland Browns,7,31,35,30,4,1
1077,2019-09-20,Los Angeles Rams,Philadelphia Eagles,21,8,19,37,4,1
1078,2019-09-20,Jacksonville Jaguars,Tennessee Titans,28,17,33,30,4,1
1079,2019-09-20,New York Giants,Chicago Bears,11,29,17,13,4,1
1080,2019-09-20,Carolina Panthers,Tampa Bay Buccaneers,18,4,31,17,4,1
1081,2019-09-20,Denver Broncos,Pittsburgh Steelers,0,14,26,21,4,1
1082,2019-09-20,Atlanta Falcons,Dallas Cowboys,23,19,40,39,4,1
1083,2019-09-20,Minnesota Vikings,Indianapolis Colts,5,27,28,11,4,1
1084,2019-09-20,San Francisco 49ers,New York Jets,15,16,13,31,4,1
1085,2019-09-20,Detroit Lions,Green Bay Packers,12,1,42,21,4,1
1086,2019-09-20,Buffalo Bills,Miami Dolphins,24,25,28,31,4,1
1087,2019-09-20,Washington Football Team,Arizona Cardinals,26,20,30,15,4,1
1088,2019-09-20,Kansas City Chiefs,Los Angeles Chargers,3,22,20,23,4,1
1089,2019-09-20,Baltimore Ravens,Houston Texans,2,9,16,33,4,1
1090,2019-09-20,New England Patriots,Seattle Seahawks,13,10,35,30,4,1
1091,2019-09-21,New Orleans Saints,Las Vegas Raiders,30,6,34,24,4,1
1092,2019-09-24,Miami Dolphins,Jacksonville Jaguars,25,28,13,31,4,1
1093,2019-09-27,San Francisco 49ers,New York Giants,15,11,9,36,4,1
1094,2019-09-27,Los Angeles Rams,Buffalo Bills,21,24,35,32,4,1
1095,2019-09-27,Houston Texans,Pittsburgh Steelers,9,14,28,21,4,1
1096,2019-09-27,Tennessee Titans,Minnesota Vikings,17,5,30,31,4,1
1097,2019-09-27,Chicago Bears,Atlanta Falcons,29,23,26,30,4,1
1098,2019-09-27,Cincinnati Bengals,Philadelphia Eagles,7,8,23,23,4,1
1099,2019-09-27,Las Vegas Raiders,New England Patriots,6,13,36,20,4,1
1100,2019-09-27,Washington Football Team,Cleveland Browns,26,31,34,20,4,1
1101,2019-09-27,Carolina Panthers,Los Angeles Chargers,18,22,16,21,4,1
1102,2019-09-27,New York Jets,Indianapolis Colts,16,27,36,7,4,1
1103,2019-09-27,Dallas Cowboys,Seattle Seahawks,19,10,38,31,4,1
1104,2019-09-27,Detroit Lions,Arizona Cardinals,12,20,23,26,4,1
1105,2019-09-27,Tampa Bay Buccaneers,Denver Broncos,4,0,10,28,4,1
1106,2019-09-27,Green Bay Packers,New Orleans Saints,1,30,30,37,4,1
1107,2019-09-28,Kansas City Chiefs,Baltimore Ravens,3,2,20,34,4,1
1108,2019-10-01,Denver Broncos,New York Jets,0,16,28,37,4,1
1109,2019-10-04,New Orleans Saints,Detroit Lions,30,12,29,35,4,1
1110,2019-10-04,Cleveland Browns,Dallas Cowboys,31,19,38,49,4,1
1111,2019-10-04,Seattle Seahawks,Miami Dolphins,10,25,23,31,4,1
1112,2019-10-04,Indianapolis Colts,Chicago Bears,27,29,11,19,4,1
1113,2019-10-04,Minnesota Vikings,Houston Texans,5,9,23,31,4,1
1114,2019-10-04,Baltimore Ravens,Washington Football Team,2,26,17,31,4,1
1115,2019-10-04,Los Angeles Chargers,Tampa Bay Buccaneers,22,4,38,31,4,1
1116,2019-10-04,Arizona Cardinals,Carolina Panthers,20,18,31,21,4,1
1117,2019-10-04,Jacksonville Jaguars,Cincinnati Bengals,28,7,33,25,4,1
1118,2019-10-04,New York Giants,Los Angeles Rams,11,21,17,9,4,1
1119,2019-10-04,Buffalo Bills,Las Vegas Raiders,24,6,23,30,4,1
1120,2019-10-04,Philadelphia Eagles,San Francisco 49ers,8,15,20,25,4,1
1121,2019-10-05,New England Patriots,Kansas City Chiefs,13,3,26,10,4,1
1122,2019-10-05,Atlanta Falcons,Green Bay Packers,23,1,30,16,4,1
1123,2019-10-08,Tampa Bay Buccaneers,Chicago Bears,4,29,20,19,4,1
1124,2019-10-11,Las Vegas Raiders,Kansas City Chiefs,6,3,32,40,4,1
1125,2019-10-11,Carolina Panthers,Atlanta Falcons,18,23,16,23,4,1
1126,2019-10-11,Cincinnati Bengals,Baltimore Ravens,7,2,27,3,4,1
1127,2019-10-11,Los Angeles Rams,Washington Football Team,21,26,10,30,4,1
1128,2019-10-11,Arizona Cardinals,New York Jets,20,16,10,30,4,1
1129,2019-10-11,Philadelphia Eagles,Pittsburgh Steelers,8,14,38,29,4,1
1130,2019-10-11,Jacksonville Jaguars,Houston Texans,28,9,30,14,4,1
1131,2019-10-11,Miami Dolphins,San Francisco 49ers,25,15,17,43,4,1
1132,2019-10-11,New York Giants,Dallas Cowboys,11,19,37,34,4,1
1133,2019-10-11,Indianapolis Colts,Cleveland Browns,27,31,32,23,4,1
1134,2019-10-11,Minnesota Vikings,Seattle Seahawks,5,10,27,26,4,1
1135,2019-10-12,Los Angeles Chargers,New Orleans Saints,22,30,30,27,4,1
1136,2019-10-13,Buffalo Bills,Tennessee Titans,24,17,42,16,4,1
1137,2019-10-18,Denver Broncos,New England Patriots,0,13,12,18,4,1
1138,2019-10-18,Detroit Lions,Jacksonville Jaguars,12,28,16,34,4,1
1139,2019-10-18,Baltimore Ravens,Philadelphia Eagles,2,8,28,30,4,1
1140,2019-10-18,Houston Texans,Tennessee Titans,9,17,42,36,4,1
1141,2019-10-18,Chicago Bears,Carolina Panthers,29,18,16,23,4,1
1142,2019-10-18,Atlanta Falcons,Minnesota Vikings,23,5,23,40,4,1
1143,2019-10-18,Cincinnati Bengals,Indianapolis Colts,7,27,31,27,4,1
1144,2019-10-18,Washington Football Team,New York Giants,26,11,20,19,4,1
1145,2019-10-18,Cleveland Browns,Pittsburgh Steelers,31,14,38,7,4,1
1146,2019-10-18,New York Jets,Miami Dolphins,16,25,24,0,4,1
1147,2019-10-18,Green Bay Packers,Tampa Bay Buccaneers,1,4,38,10,4,1
1148,2019-10-18,Los Angeles Rams,San Francisco 49ers,21,15,24,16,4,1
1149,2019-10-19,Kansas City Chiefs,Buffalo Bills,3,24,17,26,4,1
1150,2019-10-19,Arizona Cardinals,Dallas Cowboys,20,19,10,38,4,1
1151,2019-10-22,New York Giants,Philadelphia Eagles,11,8,22,21,4,1
1152,2019-10-25,Pittsburgh Steelers,Tennessee Titans,14,17,24,27,4,1
1153,2019-10-25,Green Bay Packers,Houston Texans,1,9,20,35,4,1
1154,2019-10-25,Buffalo Bills,New York Jets,24,16,10,18,4,1
1155,2019-10-25,Carolina Panthers,New Orleans Saints,18,30,27,24,4,1
1156,2019-10-25,Dallas Cowboys,Washington Football Team,19,26,25,3,4,1
1157,2019-10-25,Detroit Lions,Atlanta Falcons,12,23,22,23,4,1
1158,2019-10-25,Cleveland Browns,Cincinnati Bengals,31,7,34,37,4,1
1159,2019-10-25,Tampa Bay Buccaneers,Las Vegas Raiders,4,6,20,45,4,1
1160,2019-10-25,San Francisco 49ers,New England Patriots,15,13,6,33,4,1
1161,2019-10-25,Kansas City Chiefs,Denver Broncos,3,0,16,43,4,1
1162,2019-10-25,Jacksonville Jaguars,Los Angeles Chargers,28,22,39,29,4,1
1163,2019-10-25,Seattle Seahawks,Arizona Cardinals,10,20,37,34,4,1
1164,2019-10-26,Chicago Bears,Los Angeles Rams,29,21,24,10,4,1
1165,2019-10-29,Atlanta Falcons,Carolina Panthers,23,18,17,25,4,1
1166,2019-11-01,Los Angeles Rams,Miami Dolphins,21,25,28,17,4,1
1167,2019-11-01,Minnesota Vikings,Green Bay Packers,5,1,22,28,4,1
1168,2019-11-01,Pittsburgh Steelers,Baltimore Ravens,14,2,24,28,4,1
1169,2019-11-01,Indianapolis Colts,Detroit Lions,27,12,21,41,4,1
1170,2019-11-01,Las Vegas Raiders,Cleveland Browns,6,31,6,16,4,1
1171,2019-11-01,Tennessee Titans,Cincinnati Bengals,17,7,31,20,4,1
1172,2019-11-01,New York Jets,Kansas City Chiefs,16,3,35,9,4,1
1173,2019-11-01,New England Patriots,Buffalo Bills,13,24,24,21,4,1
1174,2019-11-01,Los Angeles Chargers,Denver Broncos,22,0,31,30,4,1
1175,2019-11-01,San Francisco 49ers,Seattle Seahawks,15,10,37,27,4,1
1176,2019-11-01,New Orleans Saints,Chicago Bears,30,29,23,26,4,1
1177,2019-11-01,Dallas Cowboys,Philadelphia Eagles,19,8,23,9,4,1
1178,2019-11-02,Tampa Bay Buccaneers,New York Giants,4,11,23,25,4,1
1179,2019-11-05,Green Bay Packers,San Francisco 49ers,1,15,17,34,4,1
1180,2019-11-08,Baltimore Ravens,Indianapolis Colts,2,27,10,24,4,1
1181,2019-11-08,Houston Texans,Jacksonville Jaguars,9,28,25,27,4,1
1182,2019-11-08,Detroit Lions,Minnesota Vikings,12,5,34,20,4,1
1183,2019-11-08,Denver Broncos,Atlanta Falcons,0,23,34,27,4,1
1184,2019-11-08,New York Giants,Washington Football Team,11,26,20,23,4,1
1185,2019-11-08,Chicago Bears,Tennessee Titans,29,17,24,17,4,1
1186,2019-11-08,Carolina Panthers,Kansas City Chiefs,18,3,33,31,4,1
1187,2019-11-08,Seattle Seahawks,Buffalo Bills,10,24,44,34,4,1
1188,2019-11-08,Las Vegas Raiders,Los Angeles Chargers,6,22,26,31,4,1
1189,2019-11-08,Miami Dolphins,Arizona Cardinals,25,20,31,34,4,1
1190,2019-11-08,Pittsburgh Steelers,Dallas Cowboys,14,19,19,24,4,1
1191,2019-11-08,New Orleans Saints,Tampa Bay Buccaneers,30,4,3,38,4,1
1192,2019-11-09,New England Patriots,New York Jets,13,16,27,30,4,1
1193,2019-11-12,Indianapolis Colts,Tennessee Titans,27,17,17,34,4,1
1194,2019-11-15,Jacksonville Jaguars,Green Bay Packers,28,1,24,20,4,1
1195,2019-11-15,Houston Texans,Cleveland Browns,9,31,10,7,4,1
1196,2019-11-15,Washington Football Team,Detroit Lions,26,12,30,27,4,1
1197,2019-11-15,Philadelphia Eagles,New York Giants,8,11,27,17,4,1
1198,2019-11-15,Tampa Bay Buccaneers,Carolina Panthers,4,18,23,46,4,1
1199,2019-11-15,Denver Broncos,Las Vegas Raiders,0,6,37,12,4,1
1200,2019-11-15,Los Angeles Chargers,Miami Dolphins,22,25,29,21,4,1
1201,2019-11-15,Buffalo Bills,Arizona Cardinals,24,20,32,30,4,1
1202,2019-11-15,Seattle Seahawks,Los Angeles Rams,10,21,23,16,4,1
1203,2019-11-15,Cincinnati Bengals,Pittsburgh Steelers,7,14,36,10,4,1
1204,2019-11-15,San Francisco 49ers,New Orleans Saints,15,30,27,13,4,1
1205,2019-11-15,Baltimore Ravens,New England Patriots,2,13,23,17,4,1
1206,2019-11-16,Minnesota Vikings,Chicago Bears,5,29,13,19,4,1
1207,2019-11-19,Arizona Cardinals,Seattle Seahawks,20,10,28,21,4,1
1208,2019-11-22,Pittsburgh Steelers,Jacksonville Jaguars,14,28,3,27,4,1
1209,2019-11-22,Tennessee Titans,Baltimore Ravens,17,2,24,30,4,1
1210,2019-11-22,Philadelphia Eagles,Cleveland Browns,8,31,22,17,4,1
1211,2019-11-22,New England Patriots,Houston Texans,13,9,27,20,4,1
1212,2019-11-22,Atlanta Falcons,New Orleans Saints,23,30,24,9,4,1
1213,2019-11-22,Cincinnati Bengals,Washington Football Team,7,26,20,9,4,1
1214,2019-11-22,Detroit Lions,Carolina Panthers,12,18,20,0,4,1
1215,2019-11-22,Miami Dolphins,Denver Broncos,25,0,20,13,4,1
1216,2019-11-22,New York Jets,Los Angeles Chargers,16,22,34,28,4,1
1217,2019-11-22,Dallas Cowboys,Minnesota Vikings,19,5,28,31,4,1
1218,2019-11-22,Green Bay Packers,Indianapolis Colts,1,27,34,31,4,1
1219,2019-11-22,Kansas City Chiefs,Las Vegas Raiders,3,6,31,35,4,1
1220,2019-11-23,Los Angeles Rams,Tampa Bay Buccaneers,21,4,24,27,4,1
1221,2019-11-26,Houston Texans,Detroit Lions,9,12,25,41,4,1
1222,2019-11-26,Washington Football Team,Dallas Cowboys,26,19,16,41,4,1
1223,2019-11-29,Arizona Cardinals,New England Patriots,20,13,20,17,4,1
1224,2019-11-29,Tennessee Titans,Indianapolis Colts,17,27,26,45,4,1
1225,2019-11-29,Los Angeles Chargers,Buffalo Bills,22,24,27,17,4,1
1226,2019-11-29,Miami Dolphins,New York Jets,25,16,3,20,4,1
1227,2019-11-29,Cleveland Browns,Jacksonville Jaguars,31,28,25,27,4,1
1228,2019-11-29,Las Vegas Raiders,Atlanta Falcons,6,23,43,6,4,1
1229,2019-11-29,New York Giants,Cincinnati Bengals,11,7,17,19,4,1
1230,2019-11-29,Carolina Panthers,Minnesota Vikings,18,5,28,27,4,1
1231,2019-11-29,New Orleans Saints,Denver Broncos,30,0,3,31,4,1
1232,2019-11-29,San Francisco 49ers,Los Angeles Rams,15,21,20,23,4,1
1233,2019-11-29,Kansas City Chiefs,Tampa Bay Buccaneers,3,4,24,27,4,1
1234,2019-11-29,Chicago Bears,Green Bay Packers,29,1,41,25,4,1
1235,2019-11-30,Seattle Seahawks,Philadelphia Eagles,10,8,17,23,4,1
1236,2019-12-02,Baltimore Ravens,Pittsburgh Steelers,2,14,19,14,4,1
1237,2019-12-06,Cleveland Browns,Tennessee Titans,31,17,35,41,4,1
1238,2019-12-06,Las Vegas Raiders,New York Jets,6,16,28,31,4,1
1239,2019-12-06,New Orleans Saints,Atlanta Falcons,30,23,16,21,4,1
1240,2019-12-06,Cincinnati Bengals,Miami Dolphins,7,25,19,7,4,1
1241,2019-12-06,Jacksonville Jaguars,Minnesota Vikings,28,5,27,24,4,1
1242,2019-12-06,Indianapolis Colts,Houston Texans,27,9,20,26,4,1
1243,2019-12-06,Detroit Lions,Chicago Bears,12,29,30,34,4,1
1244,2019-12-06,New York Giants,Seattle Seahawks,11,10,12,17,4,1
1245,2019-12-06,Los Angeles Rams,Arizona Cardinals,21,20,28,38,4,1
1246,2019-12-06,New England Patriots,Los Angeles Chargers,13,22,0,45,4,1
1247,2019-12-06,Philadelphia Eagles,Green Bay Packers,8,1,30,16,4,1
1248,2019-12-06,Denver Broncos,Kansas City Chiefs,0,3,22,16,4,1
1249,2019-12-07,Washington Football Team,Pittsburgh Steelers,26,14,17,23,4,1
1250,2019-12-07,Buffalo Bills,San Francisco 49ers,24,15,24,34,4,1
1251,2019-12-08,Dallas Cowboys,Baltimore Ravens,19,2,34,17,4,1
1252,2019-12-10,New England Patriots,Los Angeles Rams,13,21,24,3,4,1
1253,2019-12-13,Minnesota Vikings,Tampa Bay Buccaneers,5,4,26,14,4,1
1254,2019-12-13,Kansas City Chiefs,Miami Dolphins,3,25,27,33,4,1
1255,2019-12-13,Dallas Cowboys,Cincinnati Bengals,19,7,7,30,4,1
1256,2019-12-13,Tennessee Titans,Jacksonville Jaguars,17,28,10,31,4,1
1257,2019-12-13,Arizona Cardinals,New York Giants,20,11,7,26,4,1
1258,2019-12-13,Houston Texans,Chicago Bears,9,29,36,7,4,1
1259,2019-12-13,Denver Broncos,Carolina Panthers,0,18,27,32,4,1
1260,2019-12-13,New York Jets,Seattle Seahawks,16,10,40,3,4,1
1261,2019-12-13,Indianapolis Colts,Las Vegas Raiders,27,6,27,44,4,1
1262,2019-12-13,New Orleans Saints,Philadelphia Eagles,30,8,24,21,4,1
1263,2019-12-13,Green Bay Packers,Detroit Lions,1,12,24,31,4,1
1264,2019-12-13,Atlanta Falcons,Los Angeles Chargers,23,22,20,17,4,1
1265,2019-12-13,Washington Football Team,San Francisco 49ers,26,15,15,23,4,1
1266,2019-12-13,Pittsburgh Steelers,Buffalo Bills,14,24,26,15,4,1
1267,2019-12-14,Baltimore Ravens,Cleveland Browns,2,31,42,47,4,1
1268,2019-12-17,Los Angeles Chargers,Las Vegas Raiders,22,6,27,30,4,1
1269,2019-12-19,Buffalo Bills,Denver Broncos,24,0,19,48,4,1
1270,2019-12-19,Carolina Panthers,Green Bay Packers,18,1,24,16,4,1
1271,2019-12-20,Chicago Bears,Minnesota Vikings,29,5,27,33,4,1
1272,2019-12-20,San Francisco 49ers,Dallas Cowboys,15,19,41,33,4,1
1273,2019-12-20,Seattle Seahawks,Washington Football Team,10,26,15,20,4,1
1274,2019-12-20,Detroit Lions,Tennessee Titans,12,17,46,25,4,1
1275,2019-12-20,Tampa Bay Buccaneers,Atlanta Falcons,4,23,27,31,4,1
1276,2019-12-20,Jacksonville Jaguars,Baltimore Ravens,28,2,40,14,4,1
1277,2019-12-20,Houston Texans,Indianapolis Colts,9,27,27,20,4,1
1278,2019-12-20,New England Patriots,Miami Dolphins,13,25,22,12,4,1
1279,2019-12-20,New York Jets,Los Angeles Rams,16,21,20,23,4,1
1280,2019-12-20,Philadelphia Eagles,Arizona Cardinals,8,20,33,26,4,1
1281,2019-12-20,Kansas City Chiefs,New Orleans Saints,3,30,29,32,4,1
1282,2019-12-20,Cleveland Browns,New York Giants,31,11,6,20,4,1
1283,2019-12-21,Pittsburgh Steelers,Cincinnati Bengals,14,7,27,17,4,1
1284,2019-12-25,Minnesota Vikings,New Orleans Saints,5,30,52,33,4,1
1285,2019-12-26,Tampa Bay Buccaneers,Detroit Lions,4,12,7,47,4,1
1286,2019-12-26,San Francisco 49ers,Arizona Cardinals,15,20,12,20,4,1
1287,2019-12-26,Miami Dolphins,Las Vegas Raiders,25,6,25,26,4,1
1288,2019-12-27,Cleveland Browns,New York Jets,31,16,23,16,4,1
1289,2019-12-27,Cincinnati Bengals,Houston Texans,7,9,31,37,4,1
1290,2019-12-27,Atlanta Falcons,Kansas City Chiefs,23,3,17,14,4,1
1291,2019-12-27,Indianapolis Colts,Pittsburgh Steelers,27,14,28,24,4,1
1292,2019-12-27,Chicago Bears,Jacksonville Jaguars,29,28,17,41,4,1
1293,2019-12-27,New York Giants,Baltimore Ravens,11,2,27,13,4,1
1294,2019-12-27,Denver Broncos,Los Angeles Chargers,0,22,19,16,4,1
1295,2019-12-27,Carolina Panthers,Washington Football Team,18,26,13,20,4,1
1296,2019-12-27,Philadelphia Eagles,Dallas Cowboys,8,19,37,17,4,1
1297,2019-12-27,Los Angeles Rams,Seattle Seahawks,21,10,20,9,4,1
1298,2019-12-27,Tennessee Titans,Green Bay Packers,17,1,40,14,4,1
1299,2019-12-28,Buffalo Bills,New England Patriots,24,13,9,38,4,1
1300,2019-01-03,Minnesota Vikings,Detroit Lions,5,12,35,37,4,1
1301,2019-01-03,Pittsburgh Steelers,Cleveland Browns,14,31,24,22,4,1
1302,2019-01-03,Baltimore Ravens,Cincinnati Bengals,2,7,3,38,4,1
1303,2019-01-03,Atlanta Falcons,Tampa Bay Buccaneers,23,4,44,27,4,1
1304,2019-01-03,New York Jets,New England Patriots,16,13,28,14,4,1
1305,2019-01-03,Dallas Cowboys,New York Giants,19,11,23,19,4,1
1306,2019-01-03,Miami Dolphins,Buffalo Bills,25,24,56,26,4,1
1307,2019-01-03,Arizona Cardinals,Los Angeles Rams,20,21,18,7,4,1
1308,2019-01-03,Las Vegas Raiders,Denver Broncos,6,0,31,32,4,1
1309,2019-01-03,Jacksonville Jaguars,Indianapolis Colts,28,27,28,14,4,1
1310,2019-01-03,Green Bay Packers,Chicago Bears,1,29,16,35,4,1
1311,2019-01-03,New Orleans Saints,Carolina Panthers,30,18,7,33,4,1
1312,2019-01-03,Seattle Seahawks,San Francisco 49ers,10,15,23,26,4,1
1313,2019-01-03,Los Angeles Chargers,Kansas City Chiefs,22,3,21,38,4,1
1314,2019-01-03,Tennessee Titans,Houston Texans,17,9,38,41,4,1
1315,2019-01-03,Washington Football Team,Philadelphia Eagles,26,8,14,20,4,1
1316,2019-01-09,Los Angeles Rams,Seattle Seahawks,21,10,20,30,4,0
1317,2019-01-09,Tampa Bay Buccaneers,Washington Football Team,4,26,23,31,4,0
1318,2019-01-10,Baltimore Ravens,Tennessee Titans,2,17,13,20,4,0
1319,2019-01-10,Chicago Bears,New Orleans Saints,29,30,21,9,4,0
1320,2019-01-10,Cleveland Browns,Pittsburgh Steelers,31,14,37,48,4,0
1321,2019-01-16,Los Angeles Rams,Green Bay Packers,21,1,32,18,4,0
1322,2019-01-16,Baltimore Ravens,Buffalo Bills,2,24,17,3,4,0
1323,2019-01-17,Cleveland Browns,Kansas City Chiefs,31,3,22,17,4,0
1324,2019-01-17,Tampa Bay Buccaneers,New Orleans Saints,4,30,20,30,4,0
1325,2019-01-24,Tampa Bay Buccaneers,Green Bay Packers,4,1,26,31,4,0
1326,2019-01-24,Buffalo Bills,Kansas City Chiefs,24,3,38,24,4,0
